NO,기업명,기업코드,ESG등급,환경,사회,지배구조,년도,첨부
2116,AJ네트웍스,095570,B+,C,A,B+,2023,pdf 다운로드
2115,AJ네트웍스,095570,B+,C,A,B+,2024,pdf 다운로드
2114,AK홀딩스,006840,A,A,A+,B+,2023,pdf 다운로드
2113,AK홀딩스,006840,A,A,A+,B+,2024,pdf 다운로드
2112,BGF,027410,A,A,A+,B+,2023,pdf 다운로드
2111,BGF,027410,A,A,A+,B+,2024,pdf 다운로드
2110,BGF리테일,282330,A,A,A+,A,2023,pdf 다운로드
2109,BGF리테일,282330,A,A,A+,A,2024,pdf 다운로드
2108,BGF에코머티리얼즈,126600,B,B,B,B,2024,pdf 다운로드
2107,BNK금융지주,138930,A,A,A+,A,2023,pdf 다운로드
2106,BNK금융지주,138930,A,A+,A+,A,2024,pdf 다운로드
2105,BNK캐피탈,801190,등급없음,등급없음,등급없음,B+,2023,
2104,BNK캐피탈,801190,등급없음,등급없음,등급없음,B,2024,
2103,BYC,001460,D,D,D,D,2023,pdf 다운로드
2102,BYC,001460,D,D,D,C,2024,pdf 다운로드
2101,CJ,001040,A,A,A+,B+,2023,pdf 다운로드
2100,CJ,001040,A,A,A+,A,2024,pdf 다운로드
2099,CJ CGV,079160,A,A,A+,B+,2023,pdf 다운로드
2098,CJ CGV,079160,A,A+,A+,A,2024,pdf 다운로드
2097,CJ ENM,035760,B+,B+,A+,B,2023,pdf 다운로드
2096,CJ ENM,035760,A,B+,A+,B+,2024,pdf 다운로드
2095,CJ 바이오사이언스,311690,C,D,C,B,2023,pdf 다운로드
2094,CJ 바이오사이언스,311690,B+,C,B+,B+,2024,pdf 다운로드
2093,CJ대한통운,000120,A,A,A+,B+,2023,pdf 다운로드
2092,CJ대한통운,000120,A,A,A+,B+,2024,pdf 다운로드
2091,CJ씨푸드,011150,B+,B+,A,B,2023,pdf 다운로드
2090,CJ씨푸드,011150,B+,A,A,B,2024,pdf 다운로드
2089,CJ제일제당,097950,A,A,A+,A,2023,pdf 다운로드
2088,CJ제일제당,097950,A,A,A,B+,2024,pdf 다운로드
2087,CJ프레시웨이,051500,A,B+,A+,A,2023,pdf 다운로드
2086,CJ프레시웨이,051500,A,A,A,B+,2024,pdf 다운로드
2085,CS홀딩스,000590,C,D,D,B,2023,
2084,CS홀딩스,000590,C,D,D,B,2024,pdf 다운로드
2083,DB,012030,C,D,B,C,2023,pdf 다운로드
2082,DB,012030,C,D,B,C,2024,pdf 다운로드
2081,DB금융투자,016610,B,C,B,B+,2023,pdf 다운로드
2080,DB생명보험,818158,등급없음,등급없음,등급없음,B+,2023,
2079,DB생명보험,818158,등급없음,등급없음,등급없음,B+,2024,
2078,DB손해보험,005830,B+,B+,A,B+,2023,pdf 다운로드
2077,DB손해보험,005830,B+,A,A,B+,2024,pdf 다운로드
2076,DB증권,016610,B,C,C,B+,2024,pdf 다운로드
2075,DB하이텍,000990,B+,A,A,B,2023,pdf 다운로드
2074,DB하이텍,000990,C,B+,A,D,2024,pdf 다운로드
2073,DGB금융지주,139130,A,A+,A,A,2023,pdf 다운로드
2072,DGB생명보험,813363,등급없음,등급없음,등급없음,B+,2023,
2071,DGB생명보험,813363,등급없음,등급없음,등급없음,B+,2024,
2070,DH오토넥스,000300,D,C,D,D,2023,pdf 다운로드
2069,DL,000210,A,A,A,A,2023,
2068,DL,000210,A,A,A+,A,2024,pdf 다운로드
2067,DL건설,001880,A,A,A+,B+,2023,pdf 다운로드
2066,DL이앤씨,375500,A,A,B+,A,2023,pdf 다운로드
2065,DL이앤씨,375500,A,A,A+,A,2024,pdf 다운로드
2064,DN오토모티브,007340,C,C,B,D,2023,pdf 다운로드
2063,DN오토모티브,007340,C,C,C,C,2024,pdf 다운로드
2062,DRB동일,004840,B+,B,A,B+,2023,pdf 다운로드
2061,DRB동일,004840,B+,B+,A,B+,2024,pdf 다운로드
2060,DSR,155660,D,C,C,D,2023,pdf 다운로드
2059,DSR,155660,C,C,C,C,2024,pdf 다운로드
2058,DSR제강,069730,C,C,C,B,2023,pdf 다운로드
2057,DSR제강,069730,C,D,D,B,2024,pdf 다운로드
2056,E1,017940,A,A,A,B+,2023,pdf 다운로드
2055,E1,017940,A,A,A+,B+,2024,pdf 다운로드
2054,F&F,383220,B+,B+,A+,B,2023,pdf 다운로드
2053,F&F,383220,A,A+,A+,B,2024,pdf 다운로드
2052,F&F 홀딩스,007700,A,B+,A+,B+,2023,
2051,F&F 홀딩스,007700,A,A+,A+,A,2024,pdf 다운로드
2050,GKL,114090,B+,B,A,B+,2023,pdf 다운로드
2049,GKL,114090,A,A+,A,A,2024,pdf 다운로드
2048,GS,078930,B,B+,A+,C,2023,pdf 다운로드
2047,GS,078930,B+,B+,A,B+,2024,pdf 다운로드
2046,GS건설,006360,A,A,B+,A,2023,pdf 다운로드
2045,GS건설,006360,A,A,A+,B+,2024,pdf 다운로드
2044,GS글로벌,001250,B+,B+,B+,B+,2023,pdf 다운로드
2043,GS글로벌,001250,B+,B+,A,B+,2024,pdf 다운로드
2042,GS리테일,007070,A,A+,A,A,2023,pdf 다운로드
2041,GS리테일,007070,A+,A+,A+,A,2024,pdf 다운로드
2040,HDC,012630,B+,B+,A,B,2023,
2039,HDC,012630,C,A,A+,D,2024,pdf 다운로드
2038,HDC랩스,039570,D,D,D,C,2023,pdf 다운로드
2037,HDC랩스,039570,B,C,A,B,2024,pdf 다운로드
2036,HDC현대EP,089470,B+,B+,B+,B,2023,pdf 다운로드
2035,HDC현대EP,089470,B+,B+,A,B+,2024,pdf 다운로드
2034,HDC현대산업개발,294870,B+,B+,A,B,2023,pdf 다운로드
2033,HDC현대산업개발,294870,A,A,A+,A,2024,pdf 다운로드
2032,HD한국조선해양,009540,A,A,A+,A,2023,pdf 다운로드
2031,HD한국조선해양,009540,A,A,A+,A,2024,pdf 다운로드
2030,HD현대,267250,A,B+,A+,B+,2023,pdf 다운로드
2029,HD현대,267250,A,B+,A+,A,2024,pdf 다운로드
2028,HD현대건설기계,267270,A+,A+,A+,A,2023,pdf 다운로드
2027,HD현대건설기계,267270,A,A,A+,A,2024,pdf 다운로드
2026,HD현대마린엔진,071970,C,C,C,C,2024,pdf 다운로드
2025,HD현대미포,010620,A,A,A+,B+,2023,pdf 다운로드
2024,HD현대미포,010620,A,A,A+,A,2024,pdf 다운로드
2023,HD현대에너지솔루션,322000,A,A,A,B+,2023,pdf 다운로드
2022,HD현대에너지솔루션,322000,A,B+,A,A,2024,pdf 다운로드
2021,HD현대인프라코어,042670,A,A+,A+,B+,2023,pdf 다운로드
2020,HD현대인프라코어,042670,A+,A+,A+,A,2024,pdf 다운로드
2019,HD현대일렉트릭,267260,A,A,A+,A,2023,pdf 다운로드
2018,HD현대일렉트릭,267260,A+,A+,A+,A,2024,pdf 다운로드
2017,HD현대중공업,329180,A,A,A,B+,2023,pdf 다운로드
2016,HD현대중공업,329180,A,A,A+,B+,2024,pdf 다운로드
2015,HJ중공업,097230,B+,B,B+,B+,2023,pdf 다운로드
2014,HJ중공업,097230,A,A,A+,B+,2024,pdf 다운로드
2013,HK이노엔,195940,A,A,A+,A,2023,pdf 다운로드
2012,HK이노엔,195940,A+,A,A+,A+,2024,pdf 다운로드
2011,HL D&I,014790,A,A,A+,B+,2023,pdf 다운로드
2010,HL D&I,014790,A+,A+,A+,A,2024,pdf 다운로드
2009,HLB,028300,C,B+,B+,D,2023,pdf 다운로드
2008,HLB,028300,B+,B+,B+,B,2024,pdf 다운로드
2007,HLB글로벌,003580,D,D,D,D,2023,pdf 다운로드
2006,HLB글로벌,003580,D,D,D,D,2024,pdf 다운로드
2005,HLB생명과학,067630,B,C,B,B,2023,pdf 다운로드
2004,HLB생명과학,067630,C,D,C,C,2024,pdf 다운로드
2003,HL만도,204320,A,B+,A+,A,2023,pdf 다운로드
2002,HL만도,204320,A,A,A+,A,2024,pdf 다운로드
2001,HL홀딩스,060980,A,A,A+,A,2023,pdf 다운로드
2000,HL홀딩스,060980,A,A,A+,A,2024,pdf 다운로드
1999,HMM,011200,A,A+,A+,B+,2023,pdf 다운로드
1998,HMM,011200,A,A,A+,A,2024,pdf 다운로드
1997,HPSP,403870,C,C,D,C,2024,pdf 다운로드
1996,HS애드,035000,B,D,C,B+,2023,pdf 다운로드
1995,HS애드,035000,B,C,D,A,2024,pdf 다운로드
1994,HS화성,002460,C,C,C,B+,2024,pdf 다운로드
1993,HS효성첨단소재,298050,A,A,A+,B+,2024,pdf 다운로드
1992,INVENI,015360,B,C,B,B+,2024,pdf 다운로드
1991,ISC,095340,D,C,C,D,2023,pdf 다운로드
1990,ISC,095340,B,C,B+,B,2024,pdf 다운로드
1989,JB금융지주,175330,A,A+,A,A,2023,pdf 다운로드
1988,JB금융지주,175330,A,A+,A,A,2024,pdf 다운로드
1987,JW생명과학,234080,B+,B+,A,B,2023,pdf 다운로드
1986,JW생명과학,234080,B+,B+,A,B,2024,pdf 다운로드
1985,JW중외제약,001060,B+,B,A,B+,2023,pdf 다운로드
1984,JW중외제약,001060,B+,B+,A,B+,2024,pdf 다운로드
1983,JW홀딩스,096760,B+,B,A,B+,2023,pdf 다운로드
1982,JW홀딩스,096760,B+,B+,A,B+,2024,pdf 다운로드
1981,JYP Ent.,035900,B+,A,A+,B,2023,pdf 다운로드
1980,JYP Ent.,035900,B,A,A+,C,2024,pdf 다운로드
1979,KB금융,105560,A+,A+,A+,A+,2023,pdf 다운로드
1978,KB금융,105560,A,A+,A+,A,2024,pdf 다운로드
1977,KB라이프생명보험,839185,등급없음,등급없음,등급없음,A,2024,
1976,KB손해보험,002550,등급없음,등급없음,등급없음,A,2023,
1975,KB손해보험,002550,등급없음,등급없음,등급없음,A,2024,
1974,KCC건설,021320,D,D,D,D,2023,pdf 다운로드
1973,KCC건설,021320,C,C,D,B,2024,pdf 다운로드
1972,KCI,036670,B+,A,A,B,2023,pdf 다운로드
1971,KCI,036670,A,A,A,B+,2024,pdf 다운로드
1970,KC그린홀딩스,009440,C,C,D,C,2023,
1969,KC그린홀딩스,009440,B,B,B,B,2024,pdf 다운로드
1968,KC코트렐,119650,C,C,D,C,2023,pdf 다운로드
1967,KC코트렐,119650,C,B,B,C,2024,pdf 다운로드
1966,KEC,092220,D,C,C,D,2023,pdf 다운로드
1965,KEC,092220,C,C,D,C,2024,pdf 다운로드
1964,KG모빌리언스,046440,D,D,D,D,2023,pdf 다운로드
1963,KG모빌리언스,046440,C,C,A,C,2024,pdf 다운로드
1962,KG모빌리티,003620,D,C,C,D,2023,pdf 다운로드
1961,KG모빌리티,003620,C,C,D,C,2024,pdf 다운로드
1960,KG스틸,016380,B,B+,A,C,2023,pdf 다운로드
1959,KG스틸,016380,B,B+,A,C,2024,pdf 다운로드
1958,KG에코솔루션,151860,D,C,D,D,2024,pdf 다운로드
1957,KG이니시스,035600,C,D,B,D,2023,pdf 다운로드
1956,KG이니시스,035600,C,C,B+,D,2024,pdf 다운로드
1955,KG케미칼,001390,C,C,D,C,2023,pdf 다운로드
1954,KG케미칼,001390,C,B+,B,C,2024,pdf 다운로드
1953,KH 필룩스,033180,D,C,C,D,2023,pdf 다운로드
1952,KH 필룩스,033180,D,C,D,D,2024,pdf 다운로드
1951,KH바텍,060720,A,A,A+,A,2023,pdf 다운로드
1950,KH바텍,060720,A,A,A+,A,2024,pdf 다운로드
1949,KIB플러그에너지,015590,D,D,D,D,2023,pdf 다운로드
1948,KIB플러그에너지,015590,D,C,D,D,2024,pdf 다운로드
1947,KISCO홀딩스,001940,D,C,D,D,2023,
1946,KISCO홀딩스,001940,D,C,D,D,2024,pdf 다운로드
1945,KPX케미칼,025000,C,C,C,C,2023,pdf 다운로드
1944,KPX케미칼,025000,D,C,D,D,2024,pdf 다운로드
1943,KPX홀딩스,092230,C,C,C,C,2023,
1942,KPX홀딩스,092230,D,C,D,D,2024,pdf 다운로드
1941,KR모터스,000040,D,D,D,D,2023,pdf 다운로드
1940,KR모터스,000040,D,D,D,D,2024,pdf 다운로드
1939,KSS해운,044450,B+,B+,A,B+,2023,pdf 다운로드
1938,KSS해운,044450,B+,B+,A,B+,2024,pdf 다운로드
1937,KTcs,058850,A,A,A,A,2023,pdf 다운로드
1936,KTcs,058850,A,A,A+,A,2024,pdf 다운로드
1935,KTis,058860,B+,B+,A,B+,2023,pdf 다운로드
1934,KTis,058860,B+,A,B+,B+,2024,pdf 다운로드
1933,KT지니뮤직,043610,C,D,C,C,2024,pdf 다운로드
1932,LB세미콘,061970,B,A,A,D,2023,pdf 다운로드
1931,LB세미콘,061970,C,B+,A,D,2024,pdf 다운로드
1930,LF,093050,B+,B,B,B+,2023,pdf 다운로드
1929,LF,093050,B+,B+,B+,B+,2024,pdf 다운로드
1928,LG,003550,A,A,A+,A,2023,
1927,LG,003550,A,A,A+,B+,2024,pdf 다운로드
1926,LG디스플레이,034220,B+,A,A+,B,2023,pdf 다운로드
1925,LG디스플레이,034220,B+,B+,A,B+,2024,pdf 다운로드
1924,LG생활건강,051900,A,A,A+,A,2023,pdf 다운로드
1923,LG생활건강,051900,A,B+,A+,A,2024,pdf 다운로드
1922,LG에너지솔루션,373220,A,A,A+,B+,2024,pdf 다운로드
1921,LG유플러스,032640,A,A,A,A,2023,pdf 다운로드
1920,LG유플러스,032640,A,A,A+,A,2024,pdf 다운로드
1919,LG이노텍,011070,A,A,A+,A,2023,pdf 다운로드
1918,LG이노텍,011070,A,A,A+,A,2024,pdf 다운로드
1917,LG전자,066570,A,A+,A,A,2023,pdf 다운로드
1916,LG전자,066570,A,A,A+,B+,2024,pdf 다운로드
1915,LG헬로비전,037560,A,B+,A+,A,2023,pdf 다운로드
1914,LG헬로비전,037560,A,A,A+,A,2024,pdf 다운로드
1913,LG화학,051910,A,B+,A+,A,2023,pdf 다운로드
1912,LG화학,051910,B+,B+,A,B+,2024,pdf 다운로드
1911,LIG넥스원,079550,A,A,A+,A,2023,pdf 다운로드
1910,LIG넥스원,079550,A,A,A+,A,2024,pdf 다운로드
1909,LS,006260,A,A,A,A,2023,pdf 다운로드
1908,LS,006260,A,A,A,A,2024,pdf 다운로드
1907,LS네트웍스,000680,B+,B,A,B+,2023,pdf 다운로드
1906,LS네트웍스,000680,B+,B,A,B+,2024,pdf 다운로드
1905,LS마린솔루션,060370,C,C,C,B+,2023,pdf 다운로드
1904,LS마린솔루션,060370,C,C,C,B,2024,pdf 다운로드
1903,LS에코에너지,229640,C,D,C,B,2023,pdf 다운로드
1902,LS에코에너지,229640,C,D,C,B,2024,pdf 다운로드
1901,LS증권,078020,C,D,D,B,2024,pdf 다운로드
1900,LX세미콘,108320,B+,A,A,B+,2023,pdf 다운로드
1899,LX세미콘,108320,B+,B+,A,B+,2024,pdf 다운로드
1898,LX인터내셔널,001120,B+,B+,A+,B,2023,pdf 다운로드
1897,LX인터내셔널,001120,A,B+,A+,B+,2024,pdf 다운로드
1896,LX하우시스,108670,A,A,A,B+,2023,pdf 다운로드
1895,LX하우시스,108670,A,A,A,B+,2024,pdf 다운로드
1894,LX홀딩스,383800,B+,B+,A,B+,2023,
1893,LX홀딩스,383800,B+,A,A,B+,2024,pdf 다운로드
1892,MH에탄올,023150,D,D,D,C,2023,pdf 다운로드
1891,MH에탄올,023150,D,D,D,C,2024,pdf 다운로드
1890,NAVER,035420,A+,A,A+,A+,2023,pdf 다운로드
1889,NAVER,035420,A,A,A+,A,2024,pdf 다운로드
1888,NHN KCP,060250,B,C,B,B,2023,pdf 다운로드
1887,NHN KCP,060250,B,B,B,B,2024,pdf 다운로드
1886,NH농협손해보험,839719,등급없음,등급없음,등급없음,A,2023,
1885,NH농협손해보험,839719,등급없음,등급없음,등급없음,A,2024,
1884,NH투자증권,005940,A,A,A,A,2023,pdf 다운로드
1883,NH투자증권,005940,A,B+,A,A,2024,pdf 다운로드
1882,NICE,034310,B+,B,A,B+,2023,
1881,NICE,034310,B+,B,A,B+,2024,pdf 다운로드
1880,NICE평가정보,030190,B,C,B,B,2023,pdf 다운로드
1879,NICE평가정보,030190,B+,C,B+,B+,2024,pdf 다운로드
1878,NI스틸,008260,D,D,D,D,2023,pdf 다운로드
1877,NI스틸,008260,D,D,C,D,2024,pdf 다운로드
1876,OCI홀딩스,010060,A,A,A,A,2023,pdf 다운로드
1875,OCI홀딩스,010060,A,B+,A+,A,2024,pdf 다운로드
1874,PI첨단소재,178920,B+,B+,A,B,2023,pdf 다운로드
1873,PI첨단소재,178920,B+,B+,A,B+,2024,pdf 다운로드
1872,PKC,001340,D,C,D,D,2024,pdf 다운로드
1871,POSCO홀딩스,005490,A+,A,A+,A+,2023,pdf 다운로드
1870,POSCO홀딩스,005490,A,A,A+,A,2024,pdf 다운로드
1869,RFHIC,218410,D,D,D,C,2023,pdf 다운로드
1868,RFHIC,218410,D,C,D,D,2024,pdf 다운로드
1867,S-Oil,010950,A+,A,A+,A+,2023,pdf 다운로드
1866,S-Oil,010950,A,B+,A,A,2024,pdf 다운로드
1865,SBS,034120,B+,B+,A,B+,2023,pdf 다운로드
1864,SBS,034120,A,B+,B+,A,2024,pdf 다운로드
1863,SBS콘텐츠허브,046140,B+,B,B+,B+,2023,pdf 다운로드
1862,SBW생명과학,151910,D,C,D,D,2023,pdf 다운로드
1861,SB성보,003080,D,D,C,C,2024,pdf 다운로드
1860,SFA반도체,036540,D,C,C,D,2023,pdf 다운로드
1859,SFA반도체,036540,D,C,C,D,2024,pdf 다운로드
1858,SGC E&C,016250,C,B,C,C,2023,pdf 다운로드
1857,SGC E&C,016250,C,B,C,C,2024,pdf 다운로드
1856,SGC에너지,005090,B+,A,A,B,2023,pdf 다운로드
1855,SGC에너지,005090,B,A,B+,C,2024,pdf 다운로드
1854,SG글로벌,001380,D,C,D,D,2023,pdf 다운로드
1853,SG글로벌,001380,D,C,D,D,2024,pdf 다운로드
1852,SG세계물산,004060,D,D,D,D,2023,pdf 다운로드
1851,SG세계물산,004060,D,D,D,C,2024,pdf 다운로드
1850,SHD,001770,C,D,D,B,2023,pdf 다운로드
1849,SHD,001770,D,D,D,C,2024,pdf 다운로드
1848,SH에너지화학,002360,C,C,D,B,2023,pdf 다운로드
1847,SH에너지화학,002360,C,C,D,B,2024,pdf 다운로드
1846,SIMPAC,009160,D,C,C,D,2023,pdf 다운로드
1845,SIMPAC,009160,D,C,C,D,2024,pdf 다운로드
1844,SJG세종,033530,D,C,C,D,2024,pdf 다운로드
1843,SK,034730,A+,A,A+,A+,2023,pdf 다운로드
1842,SK,034730,A,A,A+,A,2024,pdf 다운로드
1841,SKC,011790,A+,A+,A+,A,2023,pdf 다운로드
1840,SKC,011790,A,A,A+,A,2024,pdf 다운로드
1839,SK가스,018670,A+,A+,A+,A,2023,pdf 다운로드
1838,SK가스,018670,A,A,A+,A,2024,pdf 다운로드
1837,SK네트웍스,001740,A,A,A+,A,2023,pdf 다운로드
1836,SK네트웍스,001740,A+,A,A+,A+,2024,pdf 다운로드
1835,SK디스커버리,006120,A,A+,A+,A,2023,
1834,SK디스커버리,006120,A,A,A+,A,2024,pdf 다운로드
1833,SK디앤디,210980,A,A,A+,A,2023,pdf 다운로드
1832,SK디앤디,210980,A,A,A+,A,2024,pdf 다운로드
1831,SK렌터카,068400,A,A+,A+,A,2023,pdf 다운로드
1830,SK바이오사이언스,302440,A,B+,A,A,2023,pdf 다운로드
1829,SK바이오사이언스,302440,A,B+,A+,A,2024,pdf 다운로드
1828,SK스퀘어,402340,A,A,A+,A,2023,
1827,SK스퀘어,402340,A+,A,A+,A+,2024,pdf 다운로드
1826,SK아이이테크놀로지,361610,A,A,A+,B+,2023,pdf 다운로드
1825,SK아이이테크놀로지,361610,A,A,A+,A,2024,pdf 다운로드
1824,SK오션플랜트,100090,B,A,A,C,2023,pdf 다운로드
1823,SK오션플랜트,100090,A+,A+,A+,A,2024,pdf 다운로드
1822,SK이노베이션,096770,A+,A,A+,A+,2023,pdf 다운로드
1821,SK이노베이션,096770,A+,A,A+,A+,2024,pdf 다운로드
1820,SK증권,001510,B+,B,B+,B+,2023,pdf 다운로드
1819,SK증권,001510,B+,A,B+,B+,2024,pdf 다운로드
1818,SK케미칼,285130,A+,A+,A+,A,2023,pdf 다운로드
1817,SK케미칼,285130,A+,A+,A+,A+,2024,pdf 다운로드
1816,SK텔레콤,017670,A,A,A,A,2023,pdf 다운로드
1815,SK텔레콤,017670,A,A,A+,A,2024,pdf 다운로드
1814,SK하이닉스,000660,A,A,A+,A,2023,pdf 다운로드
1813,SK하이닉스,000660,B+,A,A+,B,2024,pdf 다운로드
1812,SM C&C,048550,D,D,D,D,2024,pdf 다운로드
1811,SM Life Design,063440,D,D,D,D,2024,pdf 다운로드
1810,SNT다이내믹스,003570,C,C,C,C,2023,pdf 다운로드
1809,SNT다이내믹스,003570,C,C,D,C,2024,pdf 다운로드
1808,SNT모티브,064960,C,C,C,C,2023,pdf 다운로드
1807,SNT모티브,064960,C,C,C,C,2024,pdf 다운로드
1806,SNT에너지,100840,D,D,C,D,2023,pdf 다운로드
1805,SNT에너지,100840,C,C,D,B,2024,pdf 다운로드
1804,SNT홀딩스,036530,B,C,C,B+,2023,
1803,SNT홀딩스,036530,B,C,D,B+,2024,pdf 다운로드
1802,SOOP,067160,C,B,B+,C,2023,pdf 다운로드
1801,SOOP,067160,B+,B,A,B+,2024,pdf 다운로드
1800,SPC삼립,005610,D,C,C,D,2023,pdf 다운로드
1799,SPC삼립,005610,B,B,C,B,2024,pdf 다운로드
1798,STX,011810,C,D,C,C,2023,pdf 다운로드
1797,STX,011810,D,D,C,D,2024,pdf 다운로드
1796,STX엔진,077970,C,C,B,D,2023,pdf 다운로드
1795,STX엔진,077970,D,C,C,D,2024,pdf 다운로드
1794,STX중공업,071970,C,C,C,B,2023,pdf 다운로드
1793,SUN&L,002820,C,C,C,C,2023,pdf 다운로드
1792,SUN&L,002820,C,C,C,B,2024,pdf 다운로드
1791,TCC스틸,002710,C,B+,B+,D,2023,pdf 다운로드
1790,TCC스틸,002710,C,B,A,D,2024,pdf 다운로드
1789,TP,007980,D,D,C,D,2023,pdf 다운로드
1788,TP,007980,C,C,C,C,2024,pdf 다운로드
1787,TYM,002900,B+,B+,A,B,2023,pdf 다운로드
1786,TYM,002900,B+,B+,A,B,2024,pdf 다운로드
1785,WISCOM,024070,C,C,C,B,2023,pdf 다운로드
1784,WISCOM,024070,C,C,D,C,2024,pdf 다운로드
1783,YG PLUS,037270,D,D,D,D,2023,pdf 다운로드
1782,YG PLUS,037270,D,D,D,D,2024,pdf 다운로드
1781,iM금융지주,139130,A,A+,A,A,2024,pdf 다운로드
1780,가온전선,000500,B+,B+,A,B,2023,pdf 다운로드
1779,가온전선,000500,B,A,A,C,2024,pdf 다운로드
1778,강남제비스코,000860,B+,B+,B+,B+,2023,pdf 다운로드
1777,강남제비스코,000860,B+,A,B+,B+,2024,pdf 다운로드
1776,강원랜드,035250,A,A+,A+,A,2023,pdf 다운로드
1775,강원랜드,035250,A,A,A,A,2024,pdf 다운로드
1774,강원에너지,114190,D,C,D,D,2024,pdf 다운로드
1773,갤럭시아머니트리,094480,C,D,C,C,2023,pdf 다운로드
1772,갤럭시아머니트리,094480,C,D,C,B,2024,pdf 다운로드
1771,갤럭시아에스엠,011420,D,D,D,D,2023,pdf 다운로드
1770,갤럭시아에스엠,011420,D,D,D,D,2024,pdf 다운로드
1769,경남은행,192520,등급없음,등급없음,등급없음,B,2023,
1768,경남은행,192520,등급없음,등급없음,등급없음,B+,2024,
1767,경농,002100,C,C,D,B+,2023,pdf 다운로드
1766,경농,002100,C,C,D,B,2024,pdf 다운로드
1765,경동나비엔,009450,B,B+,A,C,2023,pdf 다운로드
1764,경동나비엔,009450,A,B+,A+,B+,2024,pdf 다운로드
1763,경동도시가스,267290,C,C,B+,D,2023,pdf 다운로드
1762,경동도시가스,267290,B,C,B+,B,2024,pdf 다운로드
1761,경동인베스트,012320,C,C,B+,C,2023,
1760,경동인베스트,012320,B,C,B+,B,2024,pdf 다운로드
1759,경방,000050,C,C,D,C,2023,pdf 다운로드
1758,경방,000050,C,C,D,C,2024,pdf 다운로드
1757,경보제약,214390,B+,B+,A,B+,2023,pdf 다운로드
1756,경보제약,214390,B+,B+,A,B,2024,pdf 다운로드
1755,경인양행,012610,C,B+,B+,D,2023,pdf 다운로드
1754,경인양행,012610,B+,B+,B+,B,2024,pdf 다운로드
1753,경인전자,009140,D,D,D,C,2023,pdf 다운로드
1752,경인전자,009140,D,D,D,D,2024,pdf 다운로드
1751,계룡건설산업,013580,B+,B+,B+,B,2023,pdf 다운로드
1750,계룡건설산업,013580,B,B+,C,B+,2024,pdf 다운로드
1749,계양전기,012200,C,C,C,C,2023,pdf 다운로드
1748,계양전기,012200,D,C,C,D,2024,pdf 다운로드
1747,고려산업,002140,D,D,D,C,2023,pdf 다운로드
1746,고려산업,002140,D,D,D,C,2024,pdf 다운로드
1745,고려아연,010130,B,A,A,C,2023,pdf 다운로드
1744,고려아연,010130,B+,B+,A,B+,2024,pdf 다운로드
1743,고려제강,002240,C,C,B,D,2023,pdf 다운로드
1742,고려제강,002240,D,C,D,D,2024,pdf 다운로드
1741,고영,098460,B+,B+,A,B,2023,pdf 다운로드
1740,고영,098460,B+,B,A,B,2024,pdf 다운로드
1739,골프존,215000,C,B+,A,C,2023,pdf 다운로드
1738,골프존,215000,B+,A,A,B+,2024,pdf 다운로드
1737,광동제약,009290,C,C,B,C,2023,pdf 다운로드
1736,광동제약,009290,C,B+,C,C,2024,pdf 다운로드
1735,광명전기,017040,D,C,C,D,2023,pdf 다운로드
1734,광명전기,017040,C,C,D,C,2024,pdf 다운로드
1733,광전자,017900,D,C,D,D,2023,pdf 다운로드
1732,광전자,017900,C,C,D,C,2024,pdf 다운로드
1731,광주신세계,037710,A,A,A+,A,2023,pdf 다운로드
1730,광주신세계,037710,A,A,A+,A,2024,pdf 다운로드
1729,광주은행,192530,등급없음,등급없음,등급없음,B+,2023,
1728,광주은행,192530,등급없음,등급없음,등급없음,B+,2024,
1727,교보생명보험,811097,등급없음,등급없음,등급없음,B+,2023,
1726,교보생명보험,811097,등급없음,등급없음,등급없음,B+,2024,
1725,교보증권,030610,B+,A,A,B+,2023,pdf 다운로드
1724,교보증권,030610,B+,A,A,B+,2024,pdf 다운로드
1723,교촌에프앤비,339770,C,C,C,B,2023,pdf 다운로드
1722,교촌에프앤비,339770,D,D,D,C,2024,pdf 다운로드
1721,국도화학,007690,D,C,D,D,2023,pdf 다운로드
1720,국도화학,007690,C,C,B,C,2024,pdf 다운로드
1719,국동,005320,C,D,C,C,2023,pdf 다운로드
1718,국민은행,060000,등급없음,등급없음,등급없음,A,2023,
1717,국민은행,060000,등급없음,등급없음,등급없음,A,2024,
1716,국보,001140,D,C,D,D,2023,pdf 다운로드
1715,국보,001140,D,C,D,D,2024,pdf 다운로드
1714,국일제지,078130,D,C,C,D,2023,pdf 다운로드
1713,국제약품,002720,C,D,C,B,2023,pdf 다운로드
1712,국제약품,002720,D,D,D,C,2024,pdf 다운로드
1711,그린케미칼,083420,C,C,C,B,2023,pdf 다운로드
1710,그린케미칼,083420,C,C,D,C,2024,pdf 다운로드
1709,극동유화,014530,D,D,D,D,2023,pdf 다운로드
1708,극동유화,014530,D,C,D,D,2024,pdf 다운로드
1707,금강공업,014280,C,C,D,B,2023,pdf 다운로드
1706,금강공업,014280,D,C,D,D,2024,pdf 다운로드
1705,금비,008870,D,C,D,D,2023,pdf 다운로드
1704,금비,008870,D,D,D,C,2024,pdf 다운로드
1703,금양,001570,D,D,D,D,2023,pdf 다운로드
1702,금양,001570,D,C,D,D,2024,pdf 다운로드
1701,금호건설,002990,B,B,B+,B,2023,pdf 다운로드
1700,금호건설,002990,B+,B,A,B,2024,pdf 다운로드
1699,금호석유화학,011780,A,A,A+,A,2023,pdf 다운로드
1698,금호석유화학,011780,B+,A,A+,B,2024,pdf 다운로드
1697,금호에이치티,214330,D,C,C,D,2023,pdf 다운로드
1696,금호에이치티,214330,D,C,D,D,2024,pdf 다운로드
1695,금호전기,001210,D,C,C,D,2023,pdf 다운로드
1694,금호전기,001210,D,C,D,D,2024,pdf 다운로드
1693,금호타이어,073240,A,A,A+,B+,2023,pdf 다운로드
1692,금호타이어,073240,B+,A,B+,B+,2024,pdf 다운로드
1691,기신정기,092440,D,D,D,D,2023,pdf 다운로드
1690,기신정기,092440,D,D,D,C,2024,pdf 다운로드
1689,기아,000270,B,A,A+,C,2023,pdf 다운로드
1688,기아,000270,A,A+,A+,B+,2024,pdf 다운로드
1687,기업은행,024110,A,A+,A+,A,2023,pdf 다운로드
1686,기업은행,024110,A,A+,A+,A,2024,pdf 다운로드
1685,까뮤이앤씨,013700,C,D,D,B,2023,pdf 다운로드
1684,까뮤이앤씨,013700,C,D,D,B,2024,pdf 다운로드
1683,깨끗한나라,004540,B+,B+,B+,B,2023,pdf 다운로드
1682,깨끗한나라,004540,B,B,B+,B,2024,pdf 다운로드
1681,나노신소재,121600,C,C,C,B,2023,pdf 다운로드
1680,나노신소재,121600,C,C,D,C,2024,pdf 다운로드
1679,나노엔텍,039860,D,D,D,D,2023,pdf 다운로드
1678,나스미디어,089600,B+,B,B,A,2023,pdf 다운로드
1677,나스미디어,089600,B+,B+,A,B+,2024,pdf 다운로드
1676,나우IB,293580,D,D,D,C,2023,pdf 다운로드
1675,나우IB,293580,D,D,D,C,2024,pdf 다운로드
1674,남광토건,001260,D,C,D,D,2023,pdf 다운로드
1673,남광토건,001260,D,D,D,D,2024,pdf 다운로드
1672,남선알미늄,008350,D,C,C,D,2023,pdf 다운로드
1671,남선알미늄,008350,D,C,D,D,2024,pdf 다운로드
1670,남성,004270,D,D,D,C,2023,pdf 다운로드
1669,남성,004270,D,D,D,D,2024,pdf 다운로드
1668,남양유업,003920,B,B+,A,C,2023,pdf 다운로드
1667,남양유업,003920,B,A,A+,C,2024,pdf 다운로드
1666,남해화학,025860,C,C,C,C,2023,pdf 다운로드
1665,남해화학,025860,C,C,D,C,2024,pdf 다운로드
1664,네오위즈,095660,C,D,D,B+,2024,pdf 다운로드
1663,네이처셀,007390,D,C,C,D,2023,pdf 다운로드
1662,네이처셀,007390,D,C,D,D,2024,pdf 다운로드
1661,네패스,033640,C,C,B,D,2023,pdf 다운로드
1660,네패스,033640,C,B,B+,D,2024,pdf 다운로드
1659,넥센,005720,B+,B+,A,B,2023,pdf 다운로드
1658,넥센,005720,B+,B+,A,B,2024,pdf 다운로드
1657,넥센타이어,002350,B+,A,A,B,2023,pdf 다운로드
1656,넥센타이어,002350,B,A,A+,C,2024,pdf 다운로드
1655,넥스틴,348210,C,D,D,B,2023,pdf 다운로드
1654,넥스틴,348210,C,B,B,D,2024,pdf 다운로드
1653,넥슨게임즈,225570,C,D,C,B,2023,pdf 다운로드
1652,넥슨게임즈,225570,D,D,D,C,2024,pdf 다운로드
1651,넵튠,217270,C,D,C,B,2023,pdf 다운로드
1650,넵튠,217270,C,D,C,B,2024,pdf 다운로드
1649,넷마블,251270,B+,B+,A,B+,2023,pdf 다운로드
1648,넷마블,251270,A,B+,A+,A,2024,pdf 다운로드
1647,노루페인트,090350,B+,A,A+,B,2023,pdf 다운로드
1646,노루페인트,090350,A,A,A+,B+,2024,pdf 다운로드
1645,노루홀딩스,000320,A,A,A+,B+,2023,
1644,노루홀딩스,000320,A,A,A+,B+,2024,pdf 다운로드
1643,녹십자,006280,B+,B+,A,B,2023,pdf 다운로드
1642,녹십자,006280,B+,A,A+,B,2024,pdf 다운로드
1641,녹십자홀딩스,005250,B+,B+,A,B+,2023,
1640,녹십자홀딩스,005250,A,A,A+,B+,2024,pdf 다운로드
1639,농심,004370,B+,A,A,B,2023,pdf 다운로드
1638,농심,004370,B,A,B+,C,2024,pdf 다운로드
1637,농심홀딩스,072710,B+,B+,A,B,2023,
1636,농심홀딩스,072710,B,B+,B+,B,2024,pdf 다운로드
1635,농우바이오,054050,D,D,D,C,2023,pdf 다운로드
1634,농우바이오,054050,C,D,D,B,2024,pdf 다운로드
1633,농협금융지주,839683,등급없음,등급없음,등급없음,A+,2023,
1632,농협금융지주,839683,등급없음,등급없음,등급없음,A,2024,
1631,농협생명보험,839723,등급없음,등급없음,등급없음,A,2023,
1630,농협생명보험,839723,등급없음,등급없음,등급없음,A,2024,
1629,농협은행,839742,등급없음,등급없음,등급없음,A,2023,
1628,농협은행,839742,등급없음,등급없음,등급없음,A,2024,
1627,다날,064260,D,D,D,D,2023,pdf 다운로드
1626,다스코,058730,C,C,C,C,2023,pdf 다운로드
1625,다스코,058730,C,C,D,B,2024,pdf 다운로드
1624,다올투자증권,030210,B+,B+,B+,B+,2023,pdf 다운로드
1623,다올투자증권,030210,B+,A,A,B+,2024,pdf 다운로드
1622,다우기술,023590,B+,A,A+,B,2023,pdf 다운로드
1621,다우기술,023590,A,A,A+,B+,2024,pdf 다운로드
1620,다우데이타,032190,C,D,C,C,2023,pdf 다운로드
1619,다우데이타,032190,D,D,C,D,2024,pdf 다운로드
1618,다원시스,068240,D,D,D,D,2023,pdf 다운로드
1617,다원시스,068240,D,D,D,D,2024,pdf 다운로드
1616,다이나믹디자인,145210,D,D,D,D,2023,pdf 다운로드
1615,다이나믹디자인,145210,D,C,D,D,2024,pdf 다운로드
1614,대교,019680,B+,C,B+,B+,2023,pdf 다운로드
1613,대교,019680,B,D,B+,B+,2024,pdf 다운로드
1612,대구백화점,006370,C,D,C,B,2023,pdf 다운로드
1611,대구백화점,006370,C,D,C,B,2024,pdf 다운로드
1610,대구은행,005270,등급없음,등급없음,등급없음,B+,2023,
1609,대덕,008060,B+,A,A,B,2023,
1608,대덕,008060,B+,B+,A,B,2024,pdf 다운로드
1607,대덕전자,353200,A,A,A,B+,2023,pdf 다운로드
1606,대덕전자,353200,B+,B+,A,B,2024,pdf 다운로드
1605,대동,000490,C,B,A,D,2023,pdf 다운로드
1604,대동,000490,B+,B+,A+,B,2024,pdf 다운로드
1603,대동전자,008110,D,D,D,C,2023,pdf 다운로드
1602,대동전자,008110,D,D,D,D,2024,pdf 다운로드
1601,대림바스,005750,C,C,C,C,2024,pdf 다운로드
1600,대림비앤코,005750,C,C,C,C,2023,pdf 다운로드
1599,대림통상,006570,D,C,C,D,2023,pdf 다운로드
1598,대림통상,006570,D,C,C,D,2024,pdf 다운로드
1597,대상,001680,A,A,A+,B+,2023,pdf 다운로드
1596,대상,001680,A,A,A+,B+,2024,pdf 다운로드
1595,대상홀딩스,084690,B+,A,A+,B,2023,
1594,대상홀딩스,084690,B,A,A+,C,2024,pdf 다운로드
1593,대성산업,128820,D,D,D,D,2023,pdf 다운로드
1592,대성산업,128820,C,C,B,D,2024,pdf 다운로드
1591,대성에너지,117580,C,C,C,C,2023,pdf 다운로드
1590,대성에너지,117580,B,B+,A,C,2024,pdf 다운로드
1589,대성홀딩스,016710,C,C,C,C,2023,
1588,대성홀딩스,016710,C,B+,A,D,2024,pdf 다운로드
1587,대신증권,003540,B+,B,A,B+,2023,pdf 다운로드
1586,대신증권,003540,B+,B+,A,B+,2024,pdf 다운로드
1585,대양금속,009190,D,C,C,D,2023,pdf 다운로드
1584,대양금속,009190,D,C,C,D,2024,pdf 다운로드
1583,대영포장,014160,D,D,C,D,2023,pdf 다운로드
1582,대영포장,014160,D,D,D,D,2024,pdf 다운로드
1581,대우건설,047040,A,A+,B+,A,2023,pdf 다운로드
1580,대우건설,047040,A,A,B+,A,2024,pdf 다운로드
1579,대우부품,009320,D,D,D,D,2023,pdf 다운로드
1578,대웅,003090,B+,A,A,B+,2023,
1577,대웅,003090,B+,B+,A,B,2024,pdf 다운로드
1576,대웅제약,069620,B+,A,A,B,2023,pdf 다운로드
1575,대웅제약,069620,B,B+,A,C,2024,pdf 다운로드
1574,대원강업,000430,C,B,B+,C,2023,pdf 다운로드
1573,대원강업,000430,B+,B+,A,B+,2024,pdf 다운로드
1572,대원전선,006340,D,C,D,D,2023,pdf 다운로드
1571,대원전선,006340,D,C,D,D,2024,pdf 다운로드
1570,대원제약,003220,B,C,B,B+,2023,pdf 다운로드
1569,대원제약,003220,B+,B+,A,B+,2024,pdf 다운로드
1568,대원화성,024890,D,C,D,D,2023,pdf 다운로드
1567,대원화성,024890,D,C,D,D,2024,pdf 다운로드
1566,대유에이텍,002880,C,C,B,D,2023,pdf 다운로드
1565,대주전자재료,078600,C,B,B+,C,2023,pdf 다운로드
1564,대주전자재료,078600,B+,B,A,B,2024,pdf 다운로드
1563,대창,012800,D,C,D,D,2023,pdf 다운로드
1562,대창,012800,D,C,D,D,2024,pdf 다운로드
1561,대창단조,015230,C,C,D,C,2023,pdf 다운로드
1560,대창단조,015230,C,C,D,C,2024,pdf 다운로드
1559,대한방직,001070,C,C,D,B,2023,pdf 다운로드
1558,대한방직,001070,C,C,D,C,2024,pdf 다운로드
1557,대한유화,006650,B+,B+,B+,B,2023,pdf 다운로드
1556,대한유화,006650,B+,B+,B+,B,2024,pdf 다운로드
1555,대한전선,001440,A,A,A+,B+,2023,pdf 다운로드
1554,대한전선,001440,A,A,A+,B+,2024,pdf 다운로드
1553,대한제강,084010,C,C,C,C,2023,pdf 다운로드
1552,대한제강,084010,C,C,C,C,2024,pdf 다운로드
1551,대한제당,001790,C,C,C,C,2023,pdf 다운로드
1550,대한제당,001790,C,C,D,C,2024,pdf 다운로드
1549,대한제분,001130,D,C,D,D,2023,pdf 다운로드
1548,대한제분,001130,C,C,C,C,2024,pdf 다운로드
1547,대한항공,003490,A,A,A+,A,2023,pdf 다운로드
1546,대한항공,003490,B+,B+,A,B+,2024,pdf 다운로드
1545,대한해운,005880,C,B,B+,D,2023,pdf 다운로드
1544,대한해운,005880,D,C,D,D,2024,pdf 다운로드
1543,대한화섬,003830,C,C,D,B,2023,pdf 다운로드
1542,대한화섬,003830,B+,B,A,B+,2024,pdf 다운로드
1541,대현,016090,C,D,D,B+,2023,pdf 다운로드
1540,대현,016090,C,D,D,B+,2024,pdf 다운로드
1539,대호에이엘,069460,C,C,D,B,2023,pdf 다운로드
1538,대호에이엘,069460,D,C,C,D,2024,pdf 다운로드
1537,더네이쳐홀딩스,298540,D,D,D,C,2023,pdf 다운로드
1536,더네이쳐홀딩스,298540,D,D,D,D,2024,pdf 다운로드
1535,더블유게임즈,192080,B,D,C,B+,2023,pdf 다운로드
1534,더블유게임즈,192080,C,D,D,B+,2024,pdf 다운로드
1533,더블유씨피,393890,D,C,C,D,2024,pdf 다운로드
1532,더존비즈온,012510,C,D,B,D,2023,pdf 다운로드
1531,더존비즈온,012510,C,C,D,C,2024,pdf 다운로드
1530,덕산네오룩스,213420,C,D,B,D,2023,pdf 다운로드
1529,덕산네오룩스,213420,D,C,D,D,2024,pdf 다운로드
1528,덕성,004830,C,C,D,B,2023,pdf 다운로드
1527,덕성,004830,C,C,D,C,2024,pdf 다운로드
1526,덕양산업,024900,C,D,B,D,2023,pdf 다운로드
1525,데브시스터즈,194480,C,D,D,B,2024,pdf 다운로드
1524,덴티움,145720,D,D,D,D,2023,pdf 다운로드
1523,덴티움,145720,D,D,D,D,2024,pdf 다운로드
1522,도화엔지니어링,002150,B,C,B,B,2023,pdf 다운로드
1521,도화엔지니어링,002150,C,C,C,B,2024,pdf 다운로드
1520,동국제약,086450,C,B,A,D,2023,pdf 다운로드
1519,동국제약,086450,C,B+,A,D,2024,pdf 다운로드
1518,동국홀딩스,001230,A,A,A,B+,2023,pdf 다운로드
1517,동국홀딩스,001230,A,B+,A+,B+,2024,pdf 다운로드
1516,동남합성,023450,D,D,D,C,2023,pdf 다운로드
1515,동남합성,023450,D,D,D,C,2024,pdf 다운로드
1514,동방,004140,C,C,B,D,2023,pdf 다운로드
1513,동방,004140,C,B,B,C,2024,pdf 다운로드
1512,동방아그로,007590,C,D,C,B,2023,pdf 다운로드
1511,동방아그로,007590,C,D,D,B,2024,pdf 다운로드
1510,동부건설,005960,B+,B+,B+,B,2023,pdf 다운로드
1509,동부건설,005960,B+,B+,B+,B,2024,pdf 다운로드
1508,동서,026960,D,C,C,D,2023,pdf 다운로드
1507,동서,026960,C,C,C,C,2024,pdf 다운로드
1506,동성제약,002210,C,D,C,C,2023,pdf 다운로드
1505,동성제약,002210,D,D,D,D,2024,pdf 다운로드
1504,동성케미컬,102260,A,A+,A+,B+,2023,pdf 다운로드
1503,동성케미컬,102260,A,A,A+,A,2024,pdf 다운로드
1502,동아쏘시오홀딩스,000640,A,B+,A+,A,2023,
1501,동아쏘시오홀딩스,000640,A+,A,A+,A+,2024,pdf 다운로드
1500,동아에스티,170900,A,B+,A+,A,2023,pdf 다운로드
1499,동아에스티,170900,A,A,A+,A,2024,pdf 다운로드
1498,동아지질,028100,D,D,D,D,2023,pdf 다운로드
1497,동아지질,028100,D,C,C,D,2024,pdf 다운로드
1496,동아타이어,282690,D,D,D,D,2023,pdf 다운로드
1495,동아타이어,282690,D,D,D,D,2024,pdf 다운로드
1494,동양,001520,D,D,D,C,2023,pdf 다운로드
1493,동양,001520,C,B,B,C,2024,pdf 다운로드
1492,동양고속,084670,C,C,D,C,2023,pdf 다운로드
1491,동양고속,084670,D,C,D,D,2024,pdf 다운로드
1490,동양생명,082640,B,C,B,B+,2023,pdf 다운로드
1489,동양생명,082640,B+,C,B+,B+,2024,pdf 다운로드
1488,동양철관,008970,C,C,C,C,2023,pdf 다운로드
1487,동양철관,008970,D,C,D,D,2024,pdf 다운로드
1486,동양피스톤,092780,C,C,B,D,2023,pdf 다운로드
1485,동양피스톤,092780,C,C,C,C,2024,pdf 다운로드
1484,동원F&B,049770,B,B+,A,C,2023,pdf 다운로드
1483,동원F&B,049770,B,A,A,C,2024,pdf 다운로드
1482,동원금속,018500,C,C,C,C,2023,pdf 다운로드
1481,동원금속,018500,C,B,D,B,2024,pdf 다운로드
1480,동원산업,006040,B+,B+,B+,B,2023,pdf 다운로드
1479,동원산업,006040,B,A,A,C,2024,pdf 다운로드
1478,동원수산,030720,D,D,D,D,2023,pdf 다운로드
1477,동원수산,030720,D,D,D,D,2024,pdf 다운로드
1476,동원시스템즈,014820,B,A,A,C,2023,pdf 다운로드
1475,동원시스템즈,014820,B+,B+,A+,B,2024,pdf 다운로드
1474,동일고무벨트,163560,A,A,A,B+,2023,pdf 다운로드
1473,동일고무벨트,163560,B+,B+,A,B+,2024,pdf 다운로드
1472,동일산업,004890,C,C,D,B,2023,pdf 다운로드
1471,동일산업,004890,C,C,D,B+,2024,pdf 다운로드
1470,동일제강,002690,C,C,D,C,2023,pdf 다운로드
1469,동일제강,002690,D,C,D,D,2024,pdf 다운로드
1468,동진쎄미켐,005290,B,A,A,D,2023,pdf 다운로드
1467,동진쎄미켐,005290,B,A,A,C,2024,pdf 다운로드
1466,동화기업,025900,D,C,D,D,2023,pdf 다운로드
1465,동화기업,025900,D,D,C,D,2024,pdf 다운로드
1464,동화약품,000020,C,C,B,C,2023,pdf 다운로드
1463,동화약품,000020,C,B,B,C,2024,pdf 다운로드
1462,두산,000150,B+,A,A+,B,2023,pdf 다운로드
1461,두산,000150,A,A,A+,B+,2024,pdf 다운로드
1460,두산밥캣,241560,A,B,A,A,2023,pdf 다운로드
1459,두산밥캣,241560,A,B+,A,A,2024,pdf 다운로드
1458,두산에너빌리티,034020,B+,A,A+,B,2023,pdf 다운로드
1457,두산에너빌리티,034020,B+,A,A,B,2024,pdf 다운로드
1456,두산테스나,131970,C,C,C,C,2023,pdf 다운로드
1455,두산테스나,131970,B+,B+,A,B+,2024,pdf 다운로드
1454,두산퓨얼셀,336260,A,B+,A+,A,2023,pdf 다운로드
1453,두산퓨얼셀,336260,A,A,A+,B+,2024,pdf 다운로드
1452,두올,016740,C,C,B,D,2023,pdf 다운로드
1451,두올,016740,D,D,C,C,2024,pdf 다운로드
1450,드림어스컴퍼니,060570,C,C,B,C,2023,pdf 다운로드
1449,드림어스컴퍼니,060570,C,C,C,C,2024,pdf 다운로드
1448,드림텍,192650,C,C,C,B+,2023,pdf 다운로드
1447,드림텍,192650,C,C,D,B,2024,pdf 다운로드
1446,디씨엠,024090,C,D,C,B,2023,pdf 다운로드
1445,디씨엠,024090,C,D,D,B+,2024,pdf 다운로드
1444,디아이,003160,D,C,C,D,2023,pdf 다운로드
1443,디아이,003160,D,C,C,D,2024,pdf 다운로드
1442,디아이동일,001530,D,D,D,C,2023,pdf 다운로드
1441,디아이동일,001530,D,D,D,C,2024,pdf 다운로드
1440,디아이씨,092200,D,C,C,D,2023,pdf 다운로드
1439,디아이씨,092200,C,C,B,D,2024,pdf 다운로드
1438,디어유,376300,D,D,C,D,2023,pdf 다운로드
1437,디어유,376300,D,D,D,D,2024,pdf 다운로드
1436,디와이,013570,C,D,C,B,2023,pdf 다운로드
1435,디와이,013570,C,D,D,B,2024,pdf 다운로드
1434,디와이덕양,024900,D,D,D,D,2024,pdf 다운로드
1433,디와이파워,210540,C,C,D,C,2023,pdf 다운로드
1432,디와이파워,210540,C,C,D,B+,2024,pdf 다운로드
1431,라이나생명보험,885673,등급없음,등급없음,등급없음,B,2023,
1430,라이나생명보험,885673,등급없음,등급없음,등급없음,B,2024,
1429,락앤락,115390,C,C,C,B,2023,pdf 다운로드
1428,락앤락,115390,B+,A,A,B,2024,pdf 다운로드
1427,레이크머티리얼즈,281740,C,C,D,C,2024,pdf 다운로드
1426,레인보우로보틱스,277810,D,D,D,D,2024,pdf 다운로드
1425,로보스타,090360,D,D,D,C,2023,pdf 다운로드
1424,로보스타,090360,D,D,D,C,2024,pdf 다운로드
1423,롯데관광개발,032350,D,D,C,D,2023,pdf 다운로드
1422,롯데관광개발,032350,D,D,D,D,2024,pdf 다운로드
1421,롯데렌탈,089860,B+,A,A,B,2023,pdf 다운로드
1420,롯데렌탈,089860,A,A,A,A,2024,pdf 다운로드
1419,롯데손해보험,000400,B+,B,B+,B+,2023,pdf 다운로드
1418,롯데손해보험,000400,B+,C,A,B+,2024,pdf 다운로드
1417,롯데쇼핑,023530,A,A,A+,A,2023,pdf 다운로드
1416,롯데쇼핑,023530,A,A,A+,A,2024,pdf 다운로드
1415,롯데에너지머티리얼즈,020150,C,B,B,C,2023,pdf 다운로드
1414,롯데에너지머티리얼즈,020150,C,B,B+,C,2024,pdf 다운로드
1413,롯데웰푸드,280360,B+,B+,A,B+,2023,pdf 다운로드
1412,롯데웰푸드,280360,A,A,A,A,2024,pdf 다운로드
1411,롯데이노베이트,286940,A,A,A+,A,2023,pdf 다운로드
1410,롯데이노베이트,286940,A,A,A+,A,2024,pdf 다운로드
1409,롯데정밀화학,004000,A+,A+,A+,A,2023,pdf 다운로드
1408,롯데정밀화학,004000,A,A,A+,A,2024,pdf 다운로드
1407,롯데지주,004990,A,A,A+,A,2023,
1406,롯데지주,004990,A,A,A+,A,2024,pdf 다운로드
1405,롯데칠성음료,005300,A,A+,A,B+,2023,pdf 다운로드
1404,롯데칠성음료,005300,A,A+,A+,B+,2024,pdf 다운로드
1403,롯데카드,854231,등급없음,등급없음,등급없음,A,2023,
1402,롯데카드,854231,등급없음,등급없음,등급없음,A,2024,
1401,롯데캐피탈,855981,등급없음,등급없음,등급없음,B,2023,
1400,롯데캐피탈,855981,등급없음,등급없음,등급없음,B,2024,
1399,롯데케미칼,011170,B+,A,A+,B,2023,pdf 다운로드
1398,롯데케미칼,011170,A,A,A+,B+,2024,pdf 다운로드
1397,롯데하이마트,071840,A,A,A+,A,2023,pdf 다운로드
1396,롯데하이마트,071840,A,A,A+,A,2024,pdf 다운로드
1395,루닛,328130,B,C,B+,B,2024,pdf 다운로드
1394,루트로닉,085370,C,D,C,B,2023,pdf 다운로드
1393,리가켐바이오,141080,C,C,C,C,2023,pdf 다운로드
1392,리가켐바이오,141080,B+,B,A,B,2024,pdf 다운로드
1391,리노공업,058470,C,C,D,B,2023,pdf 다운로드
1390,리노공업,058470,D,C,D,D,2024,pdf 다운로드
1389,리튬포어스,073570,D,D,D,D,2024,pdf 다운로드
1388,마니커,027740,D,D,D,C,2023,pdf 다운로드
1387,마니커,027740,D,D,D,C,2024,pdf 다운로드
1386,만호제강,001080,C,C,C,B+,2023,pdf 다운로드
1385,만호제강,001080,D,C,D,D,2024,pdf 다운로드
1384,매일유업,267980,A,A,A+,A,2023,pdf 다운로드
1383,매일유업,267980,A,A,A+,A,2024,pdf 다운로드
1382,멀티캠퍼스,067280,C,D,B,C,2023,pdf 다운로드
1381,멀티캠퍼스,067280,D,D,D,C,2024,pdf 다운로드
1380,메가스터디교육,215200,C,D,B,C,2023,pdf 다운로드
1379,메가스터디교육,215200,D,D,D,D,2024,pdf 다운로드
1378,메드팩토,235980,C,D,C,C,2023,pdf 다운로드
1377,메디톡스,086900,D,D,C,D,2023,pdf 다운로드
1376,메디톡스,086900,B,B+,B+,C,2024,pdf 다운로드
1375,메리츠금융지주,138040,B+,B,A,B+,2023,pdf 다운로드
1374,메리츠금융지주,138040,A,A,A,A,2024,pdf 다운로드
1373,메리츠증권,008560,등급없음,등급없음,등급없음,B+,2023,
1372,메리츠증권,008560,등급없음,등급없음,등급없음,B,2024,
1371,메리츠캐피탈,867865,등급없음,등급없음,등급없음,B+,2023,
1370,메리츠캐피탈,867865,등급없음,등급없음,등급없음,B+,2024,
1369,메리츠화재해상보험,000060,등급없음,등급없음,등급없음,B+,2023,
1368,메리츠화재해상보험,000060,등급없음,등급없음,등급없음,B+,2024,
1367,메이슨캐피탈,021880,D,D,D,D,2023,pdf 다운로드
1366,메이슨캐피탈,021880,D,D,D,D,2024,pdf 다운로드
1365,메지온,140410,D,D,D,D,2023,pdf 다운로드
1364,메지온,140410,D,D,D,D,2024,pdf 다운로드
1363,메타랩스,090370,D,D,D,D,2023,pdf 다운로드
1362,메타랩스,090370,D,D,D,D,2024,pdf 다운로드
1361,메타케어,118000,D,D,D,D,2024,pdf 다운로드
1360,메트라이프생명보험,832969,등급없음,등급없음,등급없음,B,2023,
1359,메트라이프생명보험,832969,등급없음,등급없음,등급없음,B,2024,
1358,명문제약,017180,C,D,D,B,2023,pdf 다운로드
1357,명문제약,017180,D,D,D,C,2024,pdf 다운로드
1356,명신산업,009900,D,C,C,D,2023,pdf 다운로드
1355,명신산업,009900,C,C,C,C,2024,pdf 다운로드
1354,모나리자,012690,B+,B+,A,B,2023,pdf 다운로드
1353,모나리자,012690,A,A,A+,A,2024,pdf 다운로드
1352,모나미,005360,D,D,C,D,2023,pdf 다운로드
1351,모나미,005360,D,D,C,D,2024,pdf 다운로드
1350,모나용평,070960,D,C,D,D,2024,pdf 다운로드
1349,모델솔루션,417970,C,D,D,B,2024,pdf 다운로드
1348,모두투어,080160,C,D,C,C,2023,pdf 다운로드
1347,모두투어,080160,C,D,D,B+,2024,pdf 다운로드
1346,모토닉,009680,C,C,C,B,2023,pdf 다운로드
1345,모토닉,009680,C,C,C,B,2024,pdf 다운로드
1344,모트렉스,118990,D,C,D,D,2024,pdf 다운로드
1343,무림P&P,009580,B+,B+,A,B+,2023,pdf 다운로드
1342,무림P&P,009580,A,A,A,B+,2024,pdf 다운로드
1341,무림페이퍼,009200,B+,B+,A,B,2023,pdf 다운로드
1340,무림페이퍼,009200,B+,A,B+,B+,2024,pdf 다운로드
1339,무학,033920,C,C,D,C,2023,pdf 다운로드
1338,무학,033920,D,C,D,D,2024,pdf 다운로드
1337,문배철강,008420,D,D,D,C,2023,pdf 다운로드
1336,문배철강,008420,D,D,C,C,2024,pdf 다운로드
1335,미래나노텍,095500,C,C,B,D,2024,pdf 다운로드
1334,미래산업,025560,D,C,D,D,2023,pdf 다운로드
1333,미래산업,025560,D,D,D,D,2024,pdf 다운로드
1332,미래아이앤지,007120,D,D,D,D,2023,pdf 다운로드
1331,미래아이앤지,007120,D,D,D,D,2024,pdf 다운로드
1330,미래에셋벤처투자,100790,D,D,D,C,2023,pdf 다운로드
1329,미래에셋벤처투자,100790,C,D,D,B,2024,pdf 다운로드
1328,미래에셋생명,085620,B+,B,B+,B+,2023,pdf 다운로드
1327,미래에셋생명,085620,B+,B+,A,B+,2024,pdf 다운로드
1326,미래에셋증권,006800,A,A,A+,B+,2023,pdf 다운로드
1325,미래에셋증권,006800,A,A+,A,B+,2024,pdf 다운로드
1324,미래에셋캐피탈,840265,등급없음,등급없음,등급없음,B+,2023,
1323,미래에셋캐피탈,840265,등급없음,등급없음,등급없음,B+,2024,
1322,미스토홀딩스,081660,B+,B+,A,B,2024,pdf 다운로드
1321,미원상사,002840,C,C,D,B,2023,pdf 다운로드
1320,미원상사,002840,C,C,D,C,2024,pdf 다운로드
1319,미원에스씨,268280,C,B,B+,C,2023,pdf 다운로드
1318,미원에스씨,268280,B,C,B,B+,2024,pdf 다운로드
1317,미원홀딩스,107590,C,C,B,D,2023,
1316,미원홀딩스,107590,C,C,B,C,2024,pdf 다운로드
1315,미원화학,134380,C,C,C,C,2023,pdf 다운로드
1314,미원화학,134380,C,C,C,B,2024,pdf 다운로드
1313,미창석유공업,003650,D,C,D,D,2023,pdf 다운로드
1312,미창석유공업,003650,D,C,D,D,2024,pdf 다운로드
1311,바이넥스,053030,D,D,D,D,2023,pdf 다운로드
1310,바이오노트,377740,D,D,D,C,2024,pdf 다운로드
1309,바이오니아,064550,D,D,D,C,2023,pdf 다운로드
1308,바이오니아,064550,D,D,D,C,2024,pdf 다운로드
1307,바텍,043150,D,D,D,D,2024,pdf 다운로드
1306,박셀바이오,323990,D,D,D,C,2023,pdf 다운로드
1305,박셀바이오,323990,C,D,D,B,2024,pdf 다운로드
1304,방림,003610,C,C,D,C,2023,pdf 다운로드
1303,방림,003610,C,C,D,C,2024,pdf 다운로드
1302,백광산업,001340,D,C,D,D,2023,pdf 다운로드
1301,백산,035150,D,C,C,D,2023,pdf 다운로드
1300,백산,035150,C,C,C,C,2024,pdf 다운로드
1299,범양건영,002410,D,D,C,D,2023,pdf 다운로드
1298,범양건영,002410,D,D,C,D,2024,pdf 다운로드
1297,벽산,007210,C,B+,B+,D,2023,pdf 다운로드
1296,벽산,007210,B+,B+,B+,B,2024,pdf 다운로드
1295,보락,002760,D,D,D,C,2023,pdf 다운로드
1294,보락,002760,D,D,D,C,2024,pdf 다운로드
1293,보령,003850,B+,A,A,B,2023,pdf 다운로드
1292,보령,003850,A,A,A+,B+,2024,pdf 다운로드
1291,보로노이,310210,D,D,D,C,2024,pdf 다운로드
1290,보해양조,000890,D,D,D,D,2023,pdf 다운로드
1289,보해양조,000890,D,D,D,C,2024,pdf 다운로드
1288,부광약품,003000,B+,B,A,B+,2023,pdf 다운로드
1287,부광약품,003000,B+,B,A+,B+,2024,pdf 다운로드
1286,부국증권,001270,C,D,B,C,2023,pdf 다운로드
1285,부국증권,001270,C,D,B,C,2024,pdf 다운로드
1284,부국철강,026940,D,D,D,D,2023,pdf 다운로드
1283,부국철강,026940,D,D,D,D,2024,pdf 다운로드
1282,부산산업,011390,D,C,D,D,2023,pdf 다운로드
1281,부산산업,011390,D,C,D,D,2024,pdf 다운로드
1280,부산은행,005280,등급없음,등급없음,등급없음,B+,2023,
1279,부산은행,005280,등급없음,등급없음,등급없음,B+,2024,
1278,부산주공,005030,C,C,C,C,2023,pdf 다운로드
1277,부산주공,005030,C,C,C,C,2024,pdf 다운로드
1276,비비안,002070,D,D,D,D,2023,pdf 다운로드
1275,비비안,002070,D,D,D,D,2024,pdf 다운로드
1274,비상교육,100220,B,D,B,B,2023,pdf 다운로드
1273,비상교육,100220,B,D,B,B,2024,pdf 다운로드
1272,비씨카드,837726,등급없음,등급없음,등급없음,B,2024,
1271,비에이치,090460,C,B+,A,D,2023,pdf 다운로드
1270,비에이치,090460,C,B,B+,C,2024,pdf 다운로드
1269,비엠더블유파이낸셜서비스코리아,878437,등급없음,등급없음,등급없음,C,2023,
1268,비엠더블유파이낸셜서비스코리아,878437,등급없음,등급없음,등급없음,C,2024,
1267,비케이탑스,030790,D,D,D,D,2023,pdf 다운로드
1266,빙그레,005180,A,A,A+,B+,2023,pdf 다운로드
1265,빙그레,005180,A,A,A+,A,2024,pdf 다운로드
1264,사람인,143240,C,D,C,C,2023,pdf 다운로드
1263,사람인,143240,C,D,C,C,2024,pdf 다운로드
1262,사조대림,003960,B,B+,A,C,2023,pdf 다운로드
1261,사조대림,003960,A,A,A,B+,2024,pdf 다운로드
1260,사조동아원,008040,C,B+,B,C,2023,pdf 다운로드
1259,사조동아원,008040,B,B+,A,C,2024,pdf 다운로드
1258,사조산업,007160,B,B+,B+,C,2023,pdf 다운로드
1257,사조산업,007160,B+,B+,B+,B+,2024,pdf 다운로드
1256,사조씨푸드,014710,B,B,B+,B,2023,pdf 다운로드
1255,사조씨푸드,014710,B,C,B+,B,2024,pdf 다운로드
1254,사조오양,006090,C,B,B+,C,2023,pdf 다운로드
1253,사조오양,006090,B,B+,A,C,2024,pdf 다운로드
1252,산은캐피탈,008270,등급없음,등급없음,등급없음,B,2023,
1251,산은캐피탈,008270,등급없음,등급없음,등급없음,B,2024,
1250,삼부토건,001470,C,C,C,C,2023,pdf 다운로드
1249,삼부토건,001470,D,C,C,D,2024,pdf 다운로드
1248,삼성E&A,028050,A,A+,A+,A,2023,pdf 다운로드
1247,삼성E&A,028050,A,A,A,A,2024,pdf 다운로드
1246,삼성SDI,006400,A,A+,A+,B+,2023,pdf 다운로드
1245,삼성SDI,006400,A+,A+,A+,A,2024,pdf 다운로드
1244,삼성공조,006660,C,C,C,C,2023,pdf 다운로드
1243,삼성공조,006660,D,D,C,C,2024,pdf 다운로드
1242,삼성물산,028260,A+,A+,A+,A+,2023,pdf 다운로드
1241,삼성물산,028260,A,A,A+,A,2024,pdf 다운로드
1240,삼성바이오로직스,207940,A+,A,A,A+,2023,pdf 다운로드
1239,삼성바이오로직스,207940,A,A,A+,A,2024,pdf 다운로드
1238,삼성생명,032830,A,A+,A+,B+,2023,pdf 다운로드
1237,삼성생명,032830,A,A,A+,B+,2024,pdf 다운로드
1236,삼성에스디에스,018260,A,A,A+,B+,2023,pdf 다운로드
1235,삼성에스디에스,018260,A,B+,A+,A,2024,pdf 다운로드
1234,삼성전기,009150,A,A,A+,A,2023,pdf 다운로드
1233,삼성전기,009150,A,A,A+,A,2024,pdf 다운로드
1232,삼성전자,005930,A,A,A+,B+,2023,pdf 다운로드
1231,삼성전자,005930,B+,B+,A,B,2024,pdf 다운로드
1230,삼성제약,001360,D,D,D,C,2023,pdf 다운로드
1229,삼성제약,001360,D,D,D,D,2024,pdf 다운로드
1228,삼성중공업,010140,A,A,A+,B+,2023,pdf 다운로드
1227,삼성중공업,010140,A,A,A,B+,2024,pdf 다운로드
1226,삼성증권,016360,B+,A,A+,B,2023,pdf 다운로드
1225,삼성증권,016360,A,A+,A,B+,2024,pdf 다운로드
1224,삼성출판사,068290,C,D,D,B,2023,pdf 다운로드
1223,삼성출판사,068290,C,D,D,B+,2024,pdf 다운로드
1222,삼성카드,029780,A,A+,A+,A,2023,pdf 다운로드
1221,삼성카드,029780,A,A+,A+,A,2024,pdf 다운로드
1220,삼성화재해상보험,000810,A,A,A+,A,2023,pdf 다운로드
1219,삼성화재해상보험,000810,B+,A,A,B+,2024,pdf 다운로드
1218,삼아알미늄,006110,C,C,D,C,2023,pdf 다운로드
1217,삼아알미늄,006110,C,C,D,C,2024,pdf 다운로드
1216,삼양사,145990,B+,A+,A,B,2023,pdf 다운로드
1215,삼양사,145990,A,A+,A+,B+,2024,pdf 다운로드
1214,삼양식품,003230,A,A,A+,A,2023,pdf 다운로드
1213,삼양식품,003230,A,A,A+,A,2024,pdf 다운로드
1212,삼양통상,002170,C,C,D,B+,2023,pdf 다운로드
1211,삼양통상,002170,C,C,D,B,2024,pdf 다운로드
1210,삼양패키징,272550,B,B+,B+,C,2023,pdf 다운로드
1209,삼양패키징,272550,B,A,A,C,2024,pdf 다운로드
1208,삼양홀딩스,000070,B+,A,A,B+,2023,
1207,삼양홀딩스,000070,A,A,A+,B+,2024,pdf 다운로드
1206,삼영,003720,C,C,D,C,2023,pdf 다운로드
1205,삼영,003720,D,C,D,D,2024,pdf 다운로드
1204,삼영무역,002810,C,D,D,B+,2023,pdf 다운로드
1203,삼영무역,002810,C,D,D,B+,2024,pdf 다운로드
1202,삼영전자공업,005680,D,C,C,D,2023,pdf 다운로드
1201,삼영전자공업,005680,C,C,D,C,2024,pdf 다운로드
1200,삼원강재,023000,B,B,B,B+,2023,pdf 다운로드
1199,삼원강재,023000,B+,B+,B+,A,2024,pdf 다운로드
1198,삼익THK,004380,C,C,C,B,2023,pdf 다운로드
1197,삼익THK,004380,C,C,C,B,2024,pdf 다운로드
1196,삼익악기,002450,C,C,D,C,2023,pdf 다운로드
1195,삼익악기,002450,D,D,D,D,2024,pdf 다운로드
1194,삼일씨엔에스,004440,D,C,D,D,2023,pdf 다운로드
1193,삼일씨엔에스,004440,C,C,D,C,2024,pdf 다운로드
1192,삼일제약,000520,C,D,C,C,2023,pdf 다운로드
1191,삼일제약,000520,C,D,C,B,2024,pdf 다운로드
1190,삼정펄프,009770,D,C,C,D,2023,pdf 다운로드
1189,삼정펄프,009770,D,C,D,D,2024,pdf 다운로드
1188,삼진제약,005500,C,D,D,B+,2023,pdf 다운로드
1187,삼진제약,005500,B,C,B,B+,2024,pdf 다운로드
1186,삼천당제약,000250,D,D,D,D,2023,pdf 다운로드
1185,삼천당제약,000250,D,C,D,D,2024,pdf 다운로드
1184,삼천리,004690,C,B,B,C,2023,pdf 다운로드
1183,삼천리,004690,C,B,B+,C,2024,pdf 다운로드
1182,삼표시멘트,038500,A,A,A+,A,2023,pdf 다운로드
1181,삼표시멘트,038500,A,A,A+,A,2024,pdf 다운로드
1180,삼호개발,010960,B+,B,A,B+,2023,pdf 다운로드
1179,삼호개발,010960,B+,B+,A,B+,2024,pdf 다운로드
1178,삼화왕관,004450,D,C,D,D,2023,pdf 다운로드
1177,삼화왕관,004450,C,C,D,C,2024,pdf 다운로드
1176,삼화전기,009470,D,C,C,D,2023,pdf 다운로드
1175,삼화전기,009470,D,C,C,D,2024,pdf 다운로드
1174,삼화전자공업,011230,D,D,D,D,2023,pdf 다운로드
1173,삼화전자공업,011230,D,D,D,D,2024,pdf 다운로드
1172,삼화콘덴서공업,001820,D,C,C,D,2023,pdf 다운로드
1171,삼화콘덴서공업,001820,C,C,C,C,2024,pdf 다운로드
1170,삼화페인트공업,000390,B+,B+,A,B+,2023,pdf 다운로드
1169,삼화페인트공업,000390,B+,B+,B+,B+,2024,pdf 다운로드
1168,상상인,038540,D,D,C,D,2023,pdf 다운로드
1167,상상인증권,001290,D,D,C,D,2023,pdf 다운로드
1166,상상인증권,001290,C,D,C,C,2024,pdf 다운로드
1165,상신브레이크,041650,C,D,B,C,2023,pdf 다운로드
1164,상신브레이크,041650,C,C,C,C,2024,pdf 다운로드
1163,상아프론테크,089980,C,B,B,D,2023,pdf 다운로드
1162,상아프론테크,089980,B,B+,B+,C,2024,pdf 다운로드
1161,새론오토모티브,075180,D,C,D,D,2023,pdf 다운로드
1160,새론오토모티브,075180,D,C,D,D,2024,pdf 다운로드
1159,샘표,007540,C,C,B,D,2023,
1158,샘표,007540,C,C,B+,C,2024,pdf 다운로드
1157,샘표식품,248170,C,C,B,D,2023,pdf 다운로드
1156,샘표식품,248170,C,C,B+,D,2024,pdf 다운로드
1155,서부T&D,006730,D,D,D,D,2023,pdf 다운로드
1154,서부T&D,006730,D,C,D,D,2024,pdf 다운로드
1153,서연,007860,B+,B+,A,B+,2023,
1152,서연,007860,B+,B+,A,B+,2024,pdf 다운로드
1151,서연이화,200880,B+,B+,A,B,2023,pdf 다운로드
1150,서연이화,200880,B+,B+,A,B+,2024,pdf 다운로드
1149,서울도시가스,017390,C,C,B,C,2023,pdf 다운로드
1148,서울도시가스,017390,C,C,C,C,2024,pdf 다운로드
1147,서울반도체,046890,C,C,B,C,2023,pdf 다운로드
1146,서울반도체,046890,C,C,D,C,2024,pdf 다운로드
1145,서울보증보험,813002,등급없음,등급없음,등급없음,B,2023,
1144,서울보증보험,813002,등급없음,등급없음,등급없음,B,2024,
1143,서울식품공업,004410,D,C,D,D,2023,pdf 다운로드
1142,서울식품공업,004410,D,C,D,D,2024,pdf 다운로드
1141,서원,021050,C,C,D,C,2023,pdf 다운로드
1140,서원,021050,C,C,D,C,2024,pdf 다운로드
1139,서진시스템,178320,D,C,D,D,2023,pdf 다운로드
1138,서진시스템,178320,D,C,C,D,2024,pdf 다운로드
1137,서흥,008490,B+,B+,A,B,2023,pdf 다운로드
1136,서흥,008490,C,B+,A,D,2024,pdf 다운로드
1135,선도전기,007610,D,C,C,D,2023,pdf 다운로드
1134,선도전기,007610,D,C,C,D,2024,pdf 다운로드
1133,선진,136490,B+,C,B,A,2023,pdf 다운로드
1132,선진,136490,A,B,A,A,2024,pdf 다운로드
1131,성문전자,014910,C,C,D,C,2023,pdf 다운로드
1130,성문전자,014910,D,C,D,D,2024,pdf 다운로드
1129,성보화학,003080,D,D,C,C,2023,pdf 다운로드
1128,성신양회,004980,B,B,A,C,2023,pdf 다운로드
1127,성신양회,004980,C,B+,A,D,2024,pdf 다운로드
1126,성안머티리얼스,011300,D,D,D,D,2023,pdf 다운로드
1125,성안머티리얼스,011300,D,D,D,D,2024,pdf 다운로드
1124,성우하이텍,015750,D,D,C,D,2023,pdf 다운로드
1123,성우하이텍,015750,C,B,A,D,2024,pdf 다운로드
1122,성일하이텍,365340,C,C,C,C,2024,pdf 다운로드
1121,성창기업지주,000180,D,D,D,C,2023,pdf 다운로드
1120,성창기업지주,000180,D,C,D,D,2024,pdf 다운로드
1119,세기상사,002420,C,D,D,B,2023,pdf 다운로드
1118,세기상사,002420,C,D,D,B,2024,pdf 다운로드
1117,세방,004360,B+,B+,B+,B,2023,pdf 다운로드
1116,세방,004360,C,B,C,C,2024,pdf 다운로드
1115,세방전지,004490,C,C,C,C,2023,pdf 다운로드
1114,세방전지,004490,C,C,C,C,2024,pdf 다운로드
1113,세아베스틸지주,001430,A,A,A,A,2023,pdf 다운로드
1112,세아베스틸지주,001430,A,A,B+,A,2024,pdf 다운로드
1111,세아제강,306200,A,B+,A,A,2023,pdf 다운로드
1110,세아제강,306200,B+,B+,B+,B+,2024,pdf 다운로드
1109,세아제강지주,003030,B+,B+,A,B+,2023,
1108,세아제강지주,003030,B+,B+,B+,B+,2024,pdf 다운로드
1107,세아특수강,019440,A,B+,A,A,2023,pdf 다운로드
1106,세아특수강,019440,B+,B+,B+,B+,2024,pdf 다운로드
1105,세아홀딩스,058650,B+,A,A+,B,2023,
1104,세아홀딩스,058650,B+,A,A,B+,2024,pdf 다운로드
1103,세우글로벌,013000,D,D,D,D,2023,pdf 다운로드
1102,세우글로벌,013000,D,D,D,D,2024,pdf 다운로드
1101,세원이앤씨,091090,D,D,D,D,2023,pdf 다운로드
1100,세원이앤씨,091090,D,D,D,D,2024,pdf 다운로드
1099,세원정공,021820,C,C,C,C,2023,pdf 다운로드
1098,세원정공,021820,C,C,C,C,2024,pdf 다운로드
1097,세이브존I&C,067830,C,D,C,C,2023,pdf 다운로드
1096,세이브존I&C,067830,D,D,D,C,2024,pdf 다운로드
1095,세진중공업,075580,C,C,D,C,2023,pdf 다운로드
1094,세진중공업,075580,C,C,D,C,2024,pdf 다운로드
1093,셀리버리,268600,D,D,D,D,2023,pdf 다운로드
1092,셀바스AI,108860,D,D,D,D,2024,pdf 다운로드
1091,셀트리온,068270,B,B+,A+,C,2023,pdf 다운로드
1090,셀트리온,068270,A,A,A+,A,2024,pdf 다운로드
1089,셀트리온제약,068760,D,D,C,D,2023,pdf 다운로드
1088,셀트리온제약,068760,D,C,C,D,2024,pdf 다운로드
1087,셀트리온헬스케어,091990,C,C,B+,D,2023,pdf 다운로드
1086,솔루스첨단소재,336370,B,C,B+,B,2023,pdf 다운로드
1085,솔루스첨단소재,336370,B+,B,B+,B+,2024,pdf 다운로드
1084,솔루엠,248070,C,D,D,B,2023,pdf 다운로드
1083,솔루엠,248070,B+,B+,B+,B,2024,pdf 다운로드
1082,솔브레인,357780,B,B+,B+,C,2023,pdf 다운로드
1081,솔브레인,357780,B+,B+,A+,B,2024,pdf 다운로드
1080,솔브레인홀딩스,036830,C,B+,B+,D,2023,
1079,솔브레인홀딩스,036830,B+,B+,A+,B,2024,pdf 다운로드
1078,송원산업,004430,C,B+,B+,D,2023,pdf 다운로드
1077,송원산업,004430,C,B+,B+,D,2024,pdf 다운로드
1076,수산세보틱스,017550,D,C,D,D,2024,pdf 다운로드
1075,수산인더스트리,126720,C,C,D,C,2024,pdf 다운로드
1074,수산중공업,017550,C,C,D,B,2023,pdf 다운로드
1073,스타리츠,204210,D,D,D,C,2023,pdf 다운로드
1072,스타에스엠리츠,204210,D,D,D,D,2024,pdf 다운로드
1071,스튜디오드래곤,253450,B+,B+,A,B+,2023,pdf 다운로드
1070,스튜디오드래곤,253450,A,A+,A,B+,2024,pdf 다운로드
1069,스틱인베스트먼트,026890,B,C,A,B,2023,pdf 다운로드
1068,스틱인베스트먼트,026890,B+,B+,A,B,2024,pdf 다운로드
1067,시그네틱스,033170,D,C,C,D,2023,pdf 다운로드
1066,시그네틱스,033170,C,C,C,C,2024,pdf 다운로드
1065,시디즈,134790,D,C,D,D,2023,pdf 다운로드
1064,시디즈,134790,D,C,D,D,2024,pdf 다운로드
1063,시알홀딩스,000480,D,C,D,D,2023,pdf 다운로드
1062,시알홀딩스,000480,C,C,B,C,2024,pdf 다운로드
1061,신대양제지,016590,D,C,D,D,2023,pdf 다운로드
1060,신대양제지,016590,D,C,D,D,2024,pdf 다운로드
1059,신도리코,029530,C,C,D,C,2023,pdf 다운로드
1058,신도리코,029530,D,C,D,D,2024,pdf 다운로드
1057,신라교역,004970,D,D,D,C,2023,pdf 다운로드
1056,신라교역,004970,D,D,D,C,2024,pdf 다운로드
1055,신라젠,215600,C,D,D,B,2023,pdf 다운로드
1054,신라젠,215600,D,D,D,C,2024,pdf 다운로드
1053,신성델타테크,065350,C,C,D,B,2024,pdf 다운로드
1052,신성이엔지,011930,D,C,D,D,2023,pdf 다운로드
1051,신성이엔지,011930,C,C,C,C,2024,pdf 다운로드
1050,신성통상,005390,D,D,D,D,2023,pdf 다운로드
1049,신성통상,005390,D,D,D,D,2024,pdf 다운로드
1048,신세계,004170,A,A,A+,A,2023,pdf 다운로드
1047,신세계,004170,A,A,A+,A,2024,pdf 다운로드
1046,신세계I&C,035510,A,A,A+,A,2023,pdf 다운로드
1045,신세계I&C,035510,A,A,A+,A,2024,pdf 다운로드
1044,신세계건설,034300,B+,B+,A,B+,2023,pdf 다운로드
1043,신세계건설,034300,B+,B+,B+,B+,2024,pdf 다운로드
1042,신세계인터내셔날,031430,A,A,A,A,2023,pdf 다운로드
1041,신세계인터내셔날,031430,A,A,A,A,2024,pdf 다운로드
1040,신세계푸드,031440,A,B+,A,A,2023,pdf 다운로드
1039,신세계푸드,031440,A,A,A+,A,2024,pdf 다운로드
1038,신송홀딩스,006880,C,D,D,B,2023,pdf 다운로드
1037,신송홀딩스,006880,D,D,D,D,2024,pdf 다운로드
1036,신영와코루,005800,D,D,D,D,2023,pdf 다운로드
1035,신영와코루,005800,D,D,D,D,2024,pdf 다운로드
1034,신영증권,001720,B+,B,A,B+,2023,pdf 다운로드
1033,신영증권,001720,B+,B+,A,B+,2024,pdf 다운로드
1032,신원,009270,C,C,B,D,2023,pdf 다운로드
1031,신원,009270,B+,B,A,B+,2024,pdf 다운로드
1030,신일전자,002700,D,D,D,D,2023,pdf 다운로드
1029,신일전자,002700,D,D,D,C,2024,pdf 다운로드
1028,신풍,002870,D,D,D,C,2023,pdf 다운로드
1027,신풍,002870,D,D,D,C,2024,pdf 다운로드
1026,신풍제약,019170,D,D,D,D,2023,pdf 다운로드
1025,신풍제약,019170,C,C,B+,D,2024,pdf 다운로드
1024,신한라이프생명보험,828992,등급없음,등급없음,등급없음,A+,2023,
1023,신한라이프생명보험,828992,등급없음,등급없음,등급없음,A,2024,
1022,신한은행,000010,등급없음,등급없음,등급없음,B+,2023,
1021,신한은행,000010,등급없음,등급없음,등급없음,B+,2024,
1020,신한지주,055550,A+,A+,A+,A+,2023,pdf 다운로드
1019,신한지주,055550,A+,A+,A,A+,2024,pdf 다운로드
1018,신한카드,032710,등급없음,등급없음,등급없음,A,2023,
1017,신한카드,032710,등급없음,등급없음,등급없음,A,2024,
1016,신한캐피탈,811323,등급없음,등급없음,등급없음,B+,2023,
1015,신한캐피탈,811323,등급없음,등급없음,등급없음,A,2024,
1014,신한투자증권,008670,등급없음,등급없음,등급없음,A,2023,
1013,신한투자증권,008670,등급없음,등급없음,등급없음,A,2024,
1012,신화인터텍,056700,C,C,C,C,2023,pdf 다운로드
1011,신화인터텍,056700,C,C,C,B,2024,pdf 다운로드
1010,신흥,004080,C,D,C,C,2023,pdf 다운로드
1009,신흥,004080,D,D,D,D,2024,pdf 다운로드
1008,심텍,222800,B+,B+,B+,B,2023,pdf 다운로드
1007,심텍,222800,A,B+,A+,B+,2024,pdf 다운로드
1006,쌍방울,102280,D,D,D,D,2023,pdf 다운로드
1005,쌍방울,102280,D,D,D,D,2024,pdf 다운로드
1004,쌍용씨앤이,003410,B+,B+,B,A,2023,pdf 다운로드
1002,써니전자,004770,D,C,C,D,2023,pdf 다운로드
1001,써니전자,004770,D,C,D,D,2024,pdf 다운로드
1000,쎌마테라퓨틱스,015540,D,D,D,D,2023,pdf 다운로드
999,쏘카,403550,C,D,D,B,2024,pdf 다운로드
998,씨아이에스,222080,C,C,C,C,2023,pdf 다운로드
997,씨아이에스,222080,C,C,C,C,2024,pdf 다운로드
996,씨아이테크,004920,D,D,D,D,2023,pdf 다운로드
995,씨아이테크,004920,D,D,D,D,2024,pdf 다운로드
994,씨에스윈드,112610,A,B+,B+,A,2023,pdf 다운로드
993,씨에스윈드,112610,A,A,B+,A,2024,pdf 다운로드
992,씨젠,096530,B+,B+,B+,B+,2023,pdf 다운로드
991,씨젠,096530,B+,B,A,B+,2024,pdf 다운로드
990,씨티알모빌리티,308170,C,D,C,B,2023,pdf 다운로드
989,씨티알모빌리티,308170,B,B,C,B,2024,pdf 다운로드
988,아난티,025980,C,B+,C,D,2023,pdf 다운로드
987,아난티,025980,C,B,B,D,2024,pdf 다운로드
986,아남전자,008700,D,D,C,C,2023,pdf 다운로드
985,아남전자,008700,D,D,D,C,2024,pdf 다운로드
984,아모레퍼시픽,090430,A,A,A+,A,2023,pdf 다운로드
983,아모레퍼시픽,090430,A,A,A+,A,2024,pdf 다운로드
982,아모레퍼시픽홀딩스,002790,A,A,A+,A,2023,
981,아모레퍼시픽홀딩스,002790,A+,A,A+,A+,2024,pdf 다운로드
980,아미코젠,092040,B,B,B+,B,2023,pdf 다운로드
979,아세아,002030,A,B+,B+,A,2023,
978,아세아,002030,A,A,A,A,2024,pdf 다운로드
977,아세아시멘트,183190,B+,B+,A,B,2023,pdf 다운로드
976,아세아시멘트,183190,A,A,A,B+,2024,pdf 다운로드
975,아세아제지,002310,C,B,B+,D,2023,pdf 다운로드
974,아세아제지,002310,B+,B+,A,B,2024,pdf 다운로드
973,아센디오,012170,D,D,D,D,2023,pdf 다운로드
972,아센디오,012170,D,D,D,D,2024,pdf 다운로드
971,아시아나IDT,267850,D,C,C,D,2023,pdf 다운로드
970,아시아나IDT,267850,B,C,B+,B,2024,pdf 다운로드
969,아시아나항공,020560,B+,A,A,B,2023,pdf 다운로드
968,아시아나항공,020560,B+,A,B+,B+,2024,pdf 다운로드
967,아이마켓코리아,122900,C,C,B+,C,2023,pdf 다운로드
966,아이마켓코리아,122900,B,C,B+,B,2024,pdf 다운로드
965,아이비케이연금보험,829322,등급없음,등급없음,등급없음,B,2023,
964,아이비케이연금보험,829322,등급없음,등급없음,등급없음,B,2024,
963,아이비케이캐피탈,828519,등급없음,등급없음,등급없음,B,2023,
962,아이비케이캐피탈,828519,등급없음,등급없음,등급없음,B,2024,
961,아이비케이투자증권,809467,등급없음,등급없음,등급없음,B,2023,
960,아이비케이투자증권,809467,등급없음,등급없음,등급없음,B,2024,
959,아이센스,099190,B,C,B+,B+,2024,pdf 다운로드
958,아이에스동서,010780,B+,B+,A,B+,2023,pdf 다운로드
957,아이에스동서,010780,C,B,B+,C,2024,pdf 다운로드
956,아이에이치큐,003560,D,D,C,D,2023,pdf 다운로드
955,아이에이치큐,003560,D,D,C,D,2024,pdf 다운로드
954,아이엠뱅크,005270,등급없음,등급없음,등급없음,B+,2024,
953,아이티엠반도체,084850,B+,B+,A,B,2023,pdf 다운로드
952,아이티엠반도체,084850,B+,B+,A,B,2024,pdf 다운로드
951,아주IB투자,027360,B,C,A,B,2023,pdf 다운로드
950,아주IB투자,027360,B,C,A,B,2024,pdf 다운로드
949,아주스틸,139990,C,C,C,C,2023,pdf 다운로드
948,아주스틸,139990,D,C,D,D,2024,pdf 다운로드
947,아진전자부품,009320,D,D,D,D,2024,pdf 다운로드
946,안랩,053800,B+,B+,A,B+,2023,pdf 다운로드
945,안랩,053800,A,B+,A+,B+,2024,pdf 다운로드
944,알루코,001780,D,C,C,D,2023,pdf 다운로드
943,알루코,001780,C,B,B,C,2024,pdf 다운로드
942,알테오젠,196170,C,D,B,C,2023,pdf 다운로드
941,알테오젠,196170,C,D,C,B,2024,pdf 다운로드
940,애경산업,018250,A,A,A+,A,2023,pdf 다운로드
939,애경산업,018250,A,A,A+,A,2024,pdf 다운로드
938,애경케미칼,161000,A,A,A,B+,2023,pdf 다운로드
937,애경케미칼,161000,B+,B+,A,B+,2024,pdf 다운로드
936,에넥스,011090,C,C,C,C,2023,pdf 다운로드
935,에넥스,011090,D,C,D,D,2024,pdf 다운로드
934,에스디바이오센서,137310,D,C,C,D,2023,pdf 다운로드
933,에스디바이오센서,137310,C,C,B,D,2024,pdf 다운로드
932,에스메디,118000,D,D,D,C,2023,pdf 다운로드
931,에스앤에스텍,101490,C,D,D,B+,2023,pdf 다운로드
930,에스앤에스텍,101490,C,D,D,B+,2024,pdf 다운로드
929,에스에프에이,056190,C,C,C,B,2023,pdf 다운로드
928,에스에프에이,056190,C,C,C,B,2024,pdf 다운로드
927,에스엘,005850,B+,B+,A,B+,2023,pdf 다운로드
926,에스엘,005850,B,B+,A,C,2024,pdf 다운로드
925,에스엠,041510,B+,A,A,B+,2023,pdf 다운로드
924,에스엠,041510,B+,A,B+,B+,2024,pdf 다운로드
923,에스엠벡셀,010580,D,D,C,C,2023,pdf 다운로드
922,에스엠벡셀,010580,D,D,D,C,2024,pdf 다운로드
921,에스엠코어,007820,C,D,C,B,2023,pdf 다운로드
920,에스엠코어,007820,C,D,C,C,2024,pdf 다운로드
919,에스원,012750,B+,B+,A,B+,2023,pdf 다운로드
918,에스원,012750,B+,B+,A,B+,2024,pdf 다운로드
917,에스제이엠,123700,C,C,C,C,2023,pdf 다운로드
916,에스제이엠,123700,C,C,C,C,2024,pdf 다운로드
915,에스제이엠홀딩스,025530,C,C,C,C,2023,
914,에스제이엠홀딩스,025530,C,C,C,C,2024,pdf 다운로드
913,에스제이지세종,033530,D,C,C,D,2023,pdf 다운로드
912,에스케이바이오팜,326030,A,B+,A+,A,2023,pdf 다운로드
911,에스케이바이오팜,326030,A,B+,A+,A,2024,pdf 다운로드
910,에스티큐브,052020,D,D,D,C,2023,pdf 다운로드
909,에스티큐브,052020,D,D,D,D,2024,pdf 다운로드
908,에스티팜,237690,A,A,A,A,2023,pdf 다운로드
907,에스티팜,237690,A,A,A+,B+,2024,pdf 다운로드
906,에스피지,058610,D,D,D,C,2024,pdf 다운로드
905,에쓰씨엔지니어링,023960,D,C,D,D,2023,pdf 다운로드
904,에쓰씨엔지니어링,023960,D,C,D,D,2024,pdf 다운로드
903,에어부산,298690,C,C,B,D,2023,pdf 다운로드
902,에어부산,298690,C,B+,B+,D,2024,pdf 다운로드
901,에이리츠,140910,C,D,D,B,2023,pdf 다운로드
900,에이리츠,140910,C,D,D,B,2024,pdf 다운로드
899,에이블씨엔씨,078520,C,C,B,C,2023,pdf 다운로드
898,에이블씨엔씨,078520,B+,B,B+,B+,2024,pdf 다운로드
897,에이비엘바이오,298380,C,D,D,B+,2023,pdf 다운로드
896,에이비엘바이오,298380,C,D,D,B+,2024,pdf 다운로드
895,에이비엘생명보험,804337,등급없음,등급없음,등급없음,B+,2023,
894,에이비엘생명보험,804337,등급없음,등급없음,등급없음,B+,2024,
893,에이스테크,088800,D,D,C,C,2023,pdf 다운로드
892,에이아이에이생명보험,801688,등급없음,등급없음,등급없음,B,2023,
891,에이아이에이생명보험,801688,등급없음,등급없음,등급없음,B,2024,
890,에이엔피,015260,D,C,D,D,2023,pdf 다운로드
889,에이엔피,015260,D,C,D,D,2024,pdf 다운로드
888,에이프로젠,007460,D,D,D,D,2023,pdf 다운로드
887,에이프로젠,007460,D,D,D,D,2024,pdf 다운로드
886,에이프로젠바이오로직스,003060,D,D,D,D,2023,pdf 다운로드
885,에이프로젠바이오로직스,003060,D,C,D,D,2024,pdf 다운로드
884,에이플러스에셋,244920,C,D,C,C,2023,pdf 다운로드
883,에이플러스에셋,244920,D,D,D,C,2024,pdf 다운로드
882,에치에프알,230240,D,D,D,D,2024,pdf 다운로드
881,에코마케팅,230360,C,D,C,B,2023,pdf 다운로드
880,에코마케팅,230360,C,D,D,B,2024,pdf 다운로드
879,에코프로,086520,C,B+,A,D,2023,
878,에코프로,086520,C,B,B+,D,2024,pdf 다운로드
877,에코프로비엠,247540,B,B+,A,C,2023,pdf 다운로드
876,에코프로비엠,247540,C,B,B+,D,2024,pdf 다운로드
875,에코프로에이치엔,383310,B,C,B,B+,2023,pdf 다운로드
874,에코프로에이치엔,383310,B,B,B,B+,2024,pdf 다운로드
873,에프에스티,036810,C,B+,B+,D,2023,pdf 다운로드
872,에프에스티,036810,C,C,D,C,2024,pdf 다운로드
871,엑시큐어하이트론,019490,D,C,D,D,2024,pdf 다운로드
870,엔씨소프트,036570,A,B+,A,A,2023,pdf 다운로드
869,엔씨소프트,036570,A,B+,A+,A,2024,pdf 다운로드
868,엔에이치농협캐피탈,806955,등급없음,등급없음,등급없음,A,2023,
867,엔에이치농협캐피탈,806955,등급없음,등급없음,등급없음,A,2024,
866,엔에이치엔,181710,A,B+,A+,A,2023,pdf 다운로드
865,엔에이치엔,181710,A,A,A+,A,2024,pdf 다운로드
864,엔케이,085310,C,D,C,C,2023,pdf 다운로드
863,엔케이,085310,D,D,D,D,2024,pdf 다운로드
862,엔케이맥스,182400,D,D,D,D,2023,pdf 다운로드
861,엔케이맥스,182400,D,D,D,D,2024,pdf 다운로드
860,엔켐,348370,C,C,C,C,2023,pdf 다운로드
859,엔켐,348370,D,C,C,D,2024,pdf 다운로드
858,엔피씨,004250,D,C,C,D,2023,pdf 다운로드
857,엔피씨,004250,D,C,C,D,2024,pdf 다운로드
856,엘앤씨바이오,290650,C,D,D,B+,2023,pdf 다운로드
855,엘앤씨바이오,290650,C,D,D,B+,2024,pdf 다운로드
854,엘앤에프,066970,C,B,B,C,2023,pdf 다운로드
853,엘앤에프,066970,B,B+,A,C,2024,pdf 다운로드
852,엘에스일렉트릭,010120,A,A,A+,A,2023,pdf 다운로드
851,엘에스일렉트릭,010120,A,A,A,A,2024,pdf 다운로드
850,엠로,058970,D,D,D,C,2024,pdf 다운로드
849,엠씨넥스,097520,C,C,C,B,2023,pdf 다운로드
848,엠씨넥스,097520,B,C,B+,B+,2024,pdf 다운로드
847,영보화학,014440,D,C,C,D,2023,pdf 다운로드
846,영보화학,014440,D,C,C,D,2024,pdf 다운로드
845,영원무역,111770,B+,B+,B+,B+,2023,pdf 다운로드
844,영원무역,111770,B+,B+,B+,B+,2024,pdf 다운로드
843,영원무역홀딩스,009970,B+,B+,B+,B+,2023,
842,영원무역홀딩스,009970,A,B+,B+,A,2024,pdf 다운로드
841,영진약품,003520,B+,B+,A,B+,2023,pdf 다운로드
840,영진약품,003520,B+,B+,A,B+,2024,pdf 다운로드
839,영풍,000670,B+,B+,B+,B,2023,pdf 다운로드
838,영풍,000670,B,C,B,B+,2024,pdf 다운로드
837,영풍정밀,036560,B,C,B,B+,2023,pdf 다운로드
836,영풍정밀,036560,B+,B+,A,B+,2024,pdf 다운로드
835,영풍제지,006740,D,C,D,D,2023,pdf 다운로드
834,영풍제지,006740,D,C,D,D,2024,pdf 다운로드
833,영화금속,012280,C,C,D,C,2023,pdf 다운로드
832,영화금속,012280,D,C,D,D,2024,pdf 다운로드
831,영흥,012160,C,C,C,C,2023,pdf 다운로드
830,영흥,012160,C,C,D,C,2024,pdf 다운로드
829,예스코홀딩스,015360,B,C,B,B+,2023,pdf 다운로드
828,오뚜기,007310,B+,B+,A,B+,2023,pdf 다운로드
827,오뚜기,007310,A,A,A+,B+,2024,pdf 다운로드
826,오리엔트바이오,002630,D,D,D,D,2023,pdf 다운로드
825,오리엔트바이오,002630,D,D,D,D,2024,pdf 다운로드
824,오리온,271560,A,A,A,B+,2023,pdf 다운로드
823,오리온,271560,A,A,A,B+,2024,pdf 다운로드
822,오리온홀딩스,001800,A,A,A,A,2023,
821,오리온홀딩스,001800,A,A,A,A,2024,pdf 다운로드
820,오리콤,010470,B,D,C,B+,2023,pdf 다운로드
819,오리콤,010470,B,D,C,B+,2024,pdf 다운로드
818,오스코텍,039200,D,D,C,D,2023,pdf 다운로드
817,오스코텍,039200,D,D,D,D,2024,pdf 다운로드
816,온타이드,005320,D,D,D,D,2024,pdf 다운로드
815,와이즈버즈,273060,C,D,D,B,2023,pdf 다운로드
814,와이즈버즈,273060,D,D,D,C,2024,pdf 다운로드
813,와이지엔터테인먼트,122870,C,B+,A,D,2023,pdf 다운로드
812,와이지엔터테인먼트,122870,B,A,C,B+,2024,pdf 다운로드
811,와이투솔루션,011690,C,C,C,C,2023,pdf 다운로드
810,와이투솔루션,011690,C,C,C,C,2024,pdf 다운로드
809,용평리조트,070960,D,C,D,D,2023,pdf 다운로드
808,우리금융지주,316140,A,A+,A+,A,2023,pdf 다운로드
807,우리금융지주,316140,A,A+,A,B+,2024,pdf 다운로드
806,우리금융캐피탈,033660,등급없음,등급없음,등급없음,B,2023,
805,우리금융캐피탈,033660,등급없음,등급없음,등급없음,B,2024,
804,우리기술투자,041190,D,D,D,D,2023,pdf 다운로드
803,우리기술투자,041190,D,D,D,D,2024,pdf 다운로드
802,우리은행,000030,등급없음,등급없음,등급없음,B+,2023,
801,우리은행,000030,등급없음,등급없음,등급없음,B+,2024,
800,우리종합금융,010050,B+,B+,A,B+,2023,pdf 다운로드
799,우리종합금융,010050,등급없음,등급없음,등급없음,B+,2024,
798,우리카드,879070,등급없음,등급없음,등급없음,B+,2023,
797,우리카드,879070,등급없음,등급없음,등급없음,A,2024,
796,우성,006980,C,D,C,C,2023,pdf 다운로드
795,우성,006980,D,D,C,D,2024,pdf 다운로드
794,우신시스템,017370,C,D,D,B,2023,pdf 다운로드
793,우신시스템,017370,C,D,D,B,2024,pdf 다운로드
792,우진,105840,C,D,C,C,2023,pdf 다운로드
791,우진,105840,C,D,C,B,2024,pdf 다운로드
790,우진아이엔에스,010400,C,C,D,B,2023,pdf 다운로드
789,우진아이엔에스,010400,C,C,C,B,2024,pdf 다운로드
788,우진플라임,049800,C,C,D,C,2023,pdf 다운로드
787,우진플라임,049800,D,C,D,D,2024,pdf 다운로드
786,웅진,016880,B+,B,A,B,2023,pdf 다운로드
785,웅진,016880,B,C,B+,B,2024,pdf 다운로드
784,웅진씽크빅,095720,B+,B+,A+,B,2023,pdf 다운로드
783,웅진씽크빅,095720,B,B,A+,C,2024,pdf 다운로드
782,원림,005820,C,C,D,C,2023,pdf 다운로드
781,원림,005820,D,D,D,C,2024,pdf 다운로드
780,원익IPS,240810,B,B,B+,B,2023,pdf 다운로드
779,원익IPS,240810,B,B,A,C,2024,pdf 다운로드
778,원익QnC,074600,B+,B,A,B,2023,pdf 다운로드
777,원익QnC,074600,C,B+,A,D,2024,pdf 다운로드
776,원익머트리얼즈,104830,B+,B+,A,B,2023,pdf 다운로드
775,원익홀딩스,030530,C,C,B+,D,2023,pdf 다운로드
774,원텍,336570,D,D,D,D,2024,pdf 다운로드
773,웰바이오텍,010600,D,D,D,D,2023,pdf 다운로드
772,웰바이오텍,010600,D,D,D,D,2024,pdf 다운로드
771,웹젠,069080,B,D,C,B+,2023,pdf 다운로드
770,웹젠,069080,B,D,C,B+,2024,pdf 다운로드
769,위메이드,112040,C,B+,B+,C,2023,pdf 다운로드
768,위메이드,112040,C,B+,A,C,2024,pdf 다운로드
767,위지윅스튜디오,299900,D,D,D,C,2023,pdf 다운로드
766,윌비스,008600,D,D,C,D,2023,pdf 다운로드
765,윌비스,008600,D,D,C,D,2024,pdf 다운로드
764,유나이티드,033270,B,C,B,B+,2023,pdf 다운로드
763,유나이티드,033270,B+,B,B+,B+,2024,pdf 다운로드
762,유니드,014830,B+,B+,B+,B,2023,pdf 다운로드
761,유니드,014830,B,B,B+,B,2024,pdf 다운로드
760,유니드비티플러스,446070,C,C,C,C,2024,pdf 다운로드
759,유니슨,018000,C,C,C,C,2023,pdf 다운로드
758,유니슨,018000,C,C,C,B,2024,pdf 다운로드
757,유니온,000910,C,C,C,B,2023,pdf 다운로드
756,유니온,000910,C,C,C,B,2024,pdf 다운로드
755,유니온머티리얼,047400,C,C,D,C,2023,pdf 다운로드
754,유니온머티리얼,047400,C,C,D,C,2024,pdf 다운로드
753,유니켐,011330,D,C,C,D,2023,pdf 다운로드
752,유니켐,011330,D,C,D,D,2024,pdf 다운로드
751,유니퀘스트,077500,C,D,D,B,2023,pdf 다운로드
750,유니퀘스트,077500,D,D,D,C,2024,pdf 다운로드
749,유니테스트,086390,C,D,C,C,2023,pdf 다운로드
748,유니테스트,086390,C,D,C,C,2024,pdf 다운로드
747,유바이오로직스,206650,D,D,C,D,2023,pdf 다운로드
746,유성기업,002920,C,C,C,C,2023,pdf 다운로드
745,유성기업,002920,C,C,C,B,2024,pdf 다운로드
744,유수홀딩스,000700,B+,B+,A,B+,2023,pdf 다운로드
743,유수홀딩스,000700,B+,B+,A,B+,2024,pdf 다운로드
742,유안타증권,003470,C,C,D,B,2023,pdf 다운로드
741,유안타증권,003470,C,C,D,B,2024,pdf 다운로드
740,유엔젤,072130,D,D,D,D,2023,pdf 다운로드
739,유엔젤,072130,D,D,D,D,2024,pdf 다운로드
738,유유제약,000220,D,D,C,D,2023,pdf 다운로드
737,유유제약,000220,C,D,C,C,2024,pdf 다운로드
736,유진기업,023410,D,C,D,D,2023,pdf 다운로드
735,유진기업,023410,D,D,D,D,2024,pdf 다운로드
734,유진증권,001200,B,C,B,B,2023,pdf 다운로드
733,유진증권,001200,C,B,D,B,2024,pdf 다운로드
732,유진테크,084370,B,C,B,B,2023,pdf 다운로드
731,유진테크,084370,C,C,C,C,2024,pdf 다운로드
730,유한양행,000100,A,B+,A+,A,2023,pdf 다운로드
729,유한양행,000100,A,B+,A+,A,2024,pdf 다운로드
728,유화증권,003460,C,D,C,C,2023,pdf 다운로드
727,유화증권,003460,D,D,D,C,2024,pdf 다운로드
726,윤성에프앤씨,372170,C,C,D,C,2024,pdf 다운로드
725,율촌화학,008730,D,C,C,D,2023,pdf 다운로드
724,율촌화학,008730,C,C,C,C,2024,pdf 다운로드
723,이건산업,008250,D,D,C,D,2023,pdf 다운로드
722,이건산업,008250,D,D,D,D,2024,pdf 다운로드
721,이구산업,025820,C,C,D,C,2023,pdf 다운로드
720,이구산업,025820,C,C,D,B,2024,pdf 다운로드
719,이노션,214320,B+,A,A,B+,2023,pdf 다운로드
718,이노션,214320,A,A,A+,B+,2024,pdf 다운로드
717,이녹스첨단소재,272290,B+,B+,B+,B+,2023,pdf 다운로드
716,이녹스첨단소재,272290,B+,B+,B,B+,2024,pdf 다운로드
715,이니텍,053350,B+,B,B+,B+,2023,pdf 다운로드
714,이니텍,053350,B,C,C,B+,2024,pdf 다운로드
713,이마트,139480,A,A,B+,A,2023,pdf 다운로드
712,이마트,139480,A,A,A,A,2024,pdf 다운로드
711,이베스트투자증권,078020,C,D,D,B,2023,pdf 다운로드
710,이수페타시스,007660,C,B,B+,C,2023,pdf 다운로드
709,이수페타시스,007660,B,B+,A,C,2024,pdf 다운로드
708,이수화학,005950,C,B,B,D,2023,pdf 다운로드
707,이수화학,005950,B,B+,B+,C,2024,pdf 다운로드
706,이스타코,015020,D,D,D,C,2023,pdf 다운로드
705,이스타코,015020,D,D,D,D,2024,pdf 다운로드
704,이아이디,093230,D,D,D,D,2023,pdf 다운로드
703,이아이디,093230,D,D,D,D,2024,pdf 다운로드
702,이엔에프테크놀로지,102710,C,C,B,D,2023,pdf 다운로드
701,이엔플러스,074610,D,C,D,D,2023,pdf 다운로드
700,이엔플러스,074610,D,C,D,D,2024,pdf 다운로드
699,이엠텍,091120,D,D,D,C,2024,pdf 다운로드
698,이연제약,102460,C,D,D,B+,2023,pdf 다운로드
697,이연제약,102460,C,D,D,B+,2024,pdf 다운로드
696,이오테크닉스,039030,C,C,D,B,2023,pdf 다운로드
695,이오테크닉스,039030,D,C,D,D,2024,pdf 다운로드
694,이오플로우,294090,C,D,C,B,2023,pdf 다운로드
693,이오플로우,294090,C,D,C,B,2024,pdf 다운로드
692,이월드,084680,D,D,D,D,2023,pdf 다운로드
691,이월드,084680,D,D,D,D,2024,pdf 다운로드
690,이화산업,000760,C,C,D,C,2023,pdf 다운로드
689,이화산업,000760,D,C,D,D,2024,pdf 다운로드
688,인디에프,014990,D,D,D,C,2023,pdf 다운로드
687,인디에프,014990,D,D,D,C,2024,pdf 다운로드
686,인바이오젠,101140,D,D,D,D,2023,pdf 다운로드
685,인바이오젠,101140,D,D,D,D,2024,pdf 다운로드
684,인선이엔티,060150,B,C,B,B,2023,pdf 다운로드
683,인선이엔티,060150,C,C,C,C,2024,pdf 다운로드
682,인스코비,006490,D,D,D,D,2023,pdf 다운로드
681,인스코비,006490,D,D,D,D,2024,pdf 다운로드
680,인지컨트롤스,023800,C,C,C,C,2023,pdf 다운로드
679,인지컨트롤스,023800,C,C,C,C,2024,pdf 다운로드
678,인천도시가스,034590,B,D,B,B+,2023,pdf 다운로드
677,인천도시가스,034590,B,D,B,B+,2024,pdf 다운로드
676,인크로스,216050,B,D,C,B+,2023,pdf 다운로드
675,인크로스,216050,B,D,C,B+,2024,pdf 다운로드
674,인탑스,049070,C,C,B+,C,2023,pdf 다운로드
673,인탑스,049070,B,C,B+,B,2024,pdf 다운로드
672,인터지스,129260,C,C,C,C,2023,pdf 다운로드
671,인터지스,129260,C,C,C,C,2024,pdf 다운로드
670,인터플렉스,051370,D,C,C,D,2023,pdf 다운로드
669,인터플렉스,051370,C,C,B,C,2024,pdf 다운로드
668,인텔리안테크,189300,C,D,C,B,2023,pdf 다운로드
667,인텔리안테크,189300,C,B,B,C,2024,pdf 다운로드
666,인팩,023810,C,C,C,B,2023,pdf 다운로드
665,인팩,023810,C,C,D,C,2024,pdf 다운로드
664,일동제약,249420,B+,B+,A+,B,2023,pdf 다운로드
663,일동제약,249420,A,A,A,B+,2024,pdf 다운로드
662,일동홀딩스,000230,A,B+,A+,B+,2023,
661,일동홀딩스,000230,B+,A,A,B+,2024,pdf 다운로드
660,일성건설,013360,D,C,D,D,2023,pdf 다운로드
659,일성건설,013360,D,C,D,D,2024,pdf 다운로드
658,일성아이에스,003120,C,D,C,B,2023,pdf 다운로드
657,일성아이에스,003120,D,D,D,C,2024,pdf 다운로드
656,일신방직,003200,D,C,C,D,2023,pdf 다운로드
655,일신방직,003200,D,C,C,D,2024,pdf 다운로드
654,일신석재,007110,D,D,D,C,2023,pdf 다운로드
653,일신석재,007110,D,D,D,D,2024,pdf 다운로드
652,일양약품,007570,C,D,C,B+,2023,pdf 다운로드
651,일양약품,007570,C,D,C,B+,2024,pdf 다운로드
650,일정실업,008500,D,D,D,C,2023,pdf 다운로드
649,일정실업,008500,D,D,D,D,2024,pdf 다운로드
648,일진다이아,081000,D,D,D,C,2023,pdf 다운로드
647,일진다이아,081000,D,D,D,C,2024,pdf 다운로드
646,일진디스플,020760,C,C,D,C,2023,pdf 다운로드
645,일진디스플,020760,C,C,D,B,2024,pdf 다운로드
644,일진전기,103590,D,C,C,D,2023,pdf 다운로드
643,일진전기,103590,D,C,C,D,2024,pdf 다운로드
642,일진하이솔루스,271940,C,C,B,C,2023,pdf 다운로드
641,일진하이솔루스,271940,C,C,C,C,2024,pdf 다운로드
640,일진홀딩스,015860,B,D,C,B+,2023,
639,일진홀딩스,015860,B,C,C,B+,2024,pdf 다운로드
638,잇츠한불,226320,C,C,C,B,2023,pdf 다운로드
637,잇츠한불,226320,C,C,C,B,2024,pdf 다운로드
636,자이에스앤디,317400,C,C,B,B,2023,pdf 다운로드
635,자이에스앤디,317400,B,C,B+,B,2024,pdf 다운로드
634,자화전자,033240,D,C,C,D,2023,pdf 다운로드
633,자화전자,033240,C,C,D,C,2024,pdf 다운로드
632,전방,000950,D,C,C,D,2023,pdf 다운로드
631,전방,000950,D,C,D,D,2024,pdf 다운로드
630,전북은행,006350,등급없음,등급없음,등급없음,B+,2023,
629,전북은행,006350,등급없음,등급없음,등급없음,B+,2024,
628,제넥신,095700,D,D,C,D,2023,pdf 다운로드
627,제넥신,095700,C,D,C,B,2024,pdf 다운로드
626,제이비우리캐피탈,818905,등급없음,등급없음,등급없음,B+,2023,
625,제이비우리캐피탈,818905,등급없음,등급없음,등급없음,B+,2024,
624,제이시스메디칼,287410,C,D,D,B,2024,pdf 다운로드
623,제이앤티씨,204270,C,C,D,C,2024,pdf 다운로드
622,제이에스코퍼레이션,194370,D,D,D,C,2023,pdf 다운로드
621,제이에스코퍼레이션,194370,C,D,D,B+,2024,pdf 다운로드
620,제이준코스메틱,025620,D,D,D,D,2023,pdf 다운로드
619,제이준코스메틱,025620,D,D,D,D,2024,pdf 다운로드
618,제일기획,030000,A,A,A+,A,2023,pdf 다운로드
617,제일기획,030000,A,A,A+,A,2024,pdf 다운로드
616,제일약품,271980,C,C,B+,D,2023,pdf 다운로드
615,제일약품,271980,C,C,B+,D,2024,pdf 다운로드
614,제일연마,001560,C,C,D,B,2023,pdf 다운로드
613,제일연마,001560,C,C,D,B+,2024,pdf 다운로드
612,제일파마홀딩스,002620,C,C,B+,D,2023,
611,제일파마홀딩스,002620,C,C,B+,C,2024,pdf 다운로드
610,제주은행,006220,B+,B+,A,B+,2023,pdf 다운로드
609,제주은행,006220,A,A,A,A,2024,pdf 다운로드
608,제주항공,089590,A,A,A+,B+,2023,pdf 다운로드
607,제주항공,089590,A,A+,A+,B+,2024,pdf 다운로드
606,젬백스,082270,D,C,D,D,2023,pdf 다운로드
605,젬백스,082270,D,C,C,D,2024,pdf 다운로드
604,조광페인트,004910,C,C,B,C,2023,pdf 다운로드
603,조광페인트,004910,B+,B+,A,B,2024,pdf 다운로드
602,조광피혁,004700,C,D,D,B,2023,pdf 다운로드
601,조광피혁,004700,C,D,D,B,2024,pdf 다운로드
600,조비,001550,D,D,D,D,2023,pdf 다운로드
599,조비,001550,D,D,D,D,2024,pdf 다운로드
598,조선선재,120030,D,D,D,D,2023,pdf 다운로드
597,조선선재,120030,D,D,D,C,2024,pdf 다운로드
596,조일알미늄,018470,C,C,C,B,2023,pdf 다운로드
595,조일알미늄,018470,C,C,D,B,2024,pdf 다운로드
594,조흥,002600,C,C,B,C,2023,pdf 다운로드
593,조흥,002600,B,B+,C,B,2024,pdf 다운로드
592,종근당,185750,B+,A,A,B,2023,pdf 다운로드
591,종근당,185750,A,A,A,B+,2024,pdf 다운로드
590,종근당바이오,063160,B+,A,A,B,2023,pdf 다운로드
589,종근당바이오,063160,B+,B+,A,B+,2024,pdf 다운로드
588,종근당홀딩스,001630,B+,A,A,B+,2023,
587,종근당홀딩스,001630,A,A,A,A,2024,pdf 다운로드
586,주성엔지니어링,036930,B,B+,B+,C,2023,pdf 다운로드
585,주성엔지니어링,036930,B+,B+,A,B+,2024,pdf 다운로드
584,주성코퍼레이션,109070,D,C,D,D,2023,pdf 다운로드
583,주성코퍼레이션,109070,D,C,D,D,2024,pdf 다운로드
582,주연테크,044380,D,D,D,D,2023,pdf 다운로드
581,주연테크,044380,D,D,D,D,2024,pdf 다운로드
580,지누스,013890,A,A,A,A,2023,pdf 다운로드
579,지누스,013890,A,A,A+,A,2024,pdf 다운로드
578,지니뮤직,043610,C,D,B+,C,2023,pdf 다운로드
577,지씨셀,144510,B,B,A,C,2023,pdf 다운로드
576,지씨셀,144510,B+,B+,A,B,2024,pdf 다운로드
575,지엠비코리아,013870,D,D,C,D,2023,pdf 다운로드
574,지엠비코리아,013870,D,D,C,D,2024,pdf 다운로드
573,지역난방공사,071320,A+,A+,A+,A,2023,pdf 다운로드
572,지역난방공사,071320,A+,A+,A+,A,2024,pdf 다운로드
571,진도,088790,D,D,D,D,2023,pdf 다운로드
570,진도,088790,D,D,D,D,2024,pdf 다운로드
569,진양산업,003780,C,D,D,B,2023,pdf 다운로드
568,진양산업,003780,D,D,D,D,2024,pdf 다운로드
567,진양폴리우레탄,010640,D,D,D,C,2023,pdf 다운로드
566,진양폴리우레탄,010640,D,D,D,D,2024,pdf 다운로드
565,진양홀딩스,100250,C,D,D,B,2023,pdf 다운로드
564,진양홀딩스,100250,D,D,D,D,2024,pdf 다운로드
563,진양화학,051630,C,C,D,C,2023,pdf 다운로드
562,진양화학,051630,D,C,C,D,2024,pdf 다운로드
561,진에어,272450,A,A,A,A,2023,pdf 다운로드
560,진에어,272450,A,A+,A,A,2024,pdf 다운로드
559,진원생명과학,011000,D,D,C,D,2023,pdf 다운로드
558,진원생명과학,011000,D,D,D,D,2024,pdf 다운로드
557,진흥기업,002780,C,C,C,B,2023,pdf 다운로드
556,진흥기업,002780,C,D,C,B,2024,pdf 다운로드
555,차바이오텍,085660,C,D,C,C,2023,pdf 다운로드
554,차바이오텍,085660,C,D,C,C,2024,pdf 다운로드
553,참엔지니어링,009310,D,D,D,D,2023,pdf 다운로드
552,참엔지니어링,009310,D,D,D,C,2024,pdf 다운로드
551,천보,278280,C,C,D,B,2023,pdf 다운로드
550,천보,278280,C,C,D,C,2024,pdf 다운로드
549,천일고속,000650,D,C,D,D,2023,pdf 다운로드
548,천일고속,000650,D,C,D,D,2024,pdf 다운로드
547,청호ICT,012600,D,D,D,D,2023,pdf 다운로드
546,청호ICT,012600,D,D,D,D,2024,pdf 다운로드
545,체시스,033250,D,C,D,D,2023,pdf 다운로드
544,체시스,033250,D,C,D,D,2024,pdf 다운로드
543,카나리아바이오,016790,D,D,D,D,2023,pdf 다운로드
542,카카오,035720,A,A+,A+,B+,2023,pdf 다운로드
541,카카오,035720,A,A+,A,B+,2024,pdf 다운로드
540,카카오게임즈,293490,A,A,A+,A,2023,pdf 다운로드
539,카카오게임즈,293490,A,A,A+,A,2024,pdf 다운로드
538,카카오뱅크,323410,B+,B+,A,B+,2023,pdf 다운로드
537,카카오뱅크,323410,A,A,A,A,2024,pdf 다운로드
536,카카오페이,377300,A,A,A+,A,2023,pdf 다운로드
535,카카오페이,377300,B+,A,B+,B+,2024,pdf 다운로드
534,카프로,006380,C,C,C,C,2023,pdf 다운로드
533,카프로,006380,D,C,D,D,2024,pdf 다운로드
532,커넥트웨이브,119860,C,D,C,C,2023,pdf 다운로드
531,커넥트웨이브,119860,C,D,C,C,2024,pdf 다운로드
530,컴투스,078340,B+,B,A,B+,2023,pdf 다운로드
529,컴투스,078340,A,A,A+,B+,2024,pdf 다운로드
528,케어젠,214370,B,C,C,B+,2023,pdf 다운로드
527,케어젠,214370,B,C,C,B+,2024,pdf 다운로드
526,케이디비생명보험,807958,등급없음,등급없음,등급없음,B,2023,
525,케이디비생명보험,807958,등급없음,등급없음,등급없음,B,2024,
524,케이뱅크,800172,등급없음,등급없음,등급없음,A,2023,
523,케이뱅크은행,800172,등급없음,등급없음,등급없음,B+,2024,
522,케이비국민카드,861717,등급없음,등급없음,등급없음,A,2023,
521,케이비국민카드,861717,등급없음,등급없음,등급없음,A,2024,
520,케이비라이프생명보험,839185,등급없음,등급없음,등급없음,A,2023,
519,케이비아이동국실업,001620,D,D,D,D,2023,pdf 다운로드
518,케이비아이동국실업,001620,D,D,D,D,2024,pdf 다운로드
517,케이비증권,003450,등급없음,등급없음,등급없음,A,2023,
516,케이비증권,003450,등급없음,등급없음,등급없음,A,2024,
515,케이비캐피탈,021960,등급없음,등급없음,등급없음,A,2023,
514,케이비캐피탈,021960,등급없음,등급없음,등급없음,B+,2024,
513,케이씨,029460,C,C,A,D,2023,pdf 다운로드
512,케이씨,029460,B,C,B+,B,2024,pdf 다운로드
511,케이씨씨,002380,A,A,A,B+,2023,pdf 다운로드
510,케이씨씨,002380,B+,B+,A,B+,2024,pdf 다운로드
509,케이씨씨글라스,344820,A,A,A+,A,2023,pdf 다운로드
508,케이씨씨글라스,344820,A,A,A+,B+,2024,pdf 다운로드
507,케이씨텍,281820,B,C,B,B,2023,pdf 다운로드
506,케이씨텍,281820,C,C,C,B,2024,pdf 다운로드
505,케이씨티시,009070,D,C,C,D,2023,pdf 다운로드
504,케이씨티시,009070,D,C,D,D,2024,pdf 다운로드
503,케이엔더블유,105330,C,C,C,C,2024,pdf 다운로드
502,케이엠더블유,032500,C,C,B,C,2023,pdf 다운로드
501,케이엠더블유,032500,C,C,D,C,2024,pdf 다운로드
500,케이지에코솔루션,151860,D,D,D,D,2023,pdf 다운로드
499,케이카,381970,B,C,B,B,2023,pdf 다운로드
498,케이카,381970,B,C,B,B,2024,pdf 다운로드
497,케이탑리츠,145270,D,D,D,D,2023,pdf 다운로드
496,케이탑리츠,145270,D,D,D,D,2024,pdf 다운로드
495,케이티,030200,A,B+,A,A,2023,pdf 다운로드
494,케이티,030200,A+,A,A+,A+,2024,pdf 다운로드
493,케이티스카이라이프,053210,B+,B+,A,B+,2023,pdf 다운로드
492,케이티스카이라이프,053210,B+,B+,A,B+,2024,pdf 다운로드
491,케이티알파,036030,B+,C,A,B+,2023,pdf 다운로드
490,케이티알파,036030,B+,B+,A,B+,2024,pdf 다운로드
489,케이티앤지,033780,A+,A+,A+,A+,2023,pdf 다운로드
488,케이티앤지,033780,A,A,A+,A,2024,pdf 다운로드
487,코리아써키트,007810,D,C,C,D,2023,pdf 다운로드
486,코리아써키트,007810,C,B,D,D,2024,pdf 다운로드
485,코리아에셋투자증권,190650,D,D,D,C,2023,pdf 다운로드
484,코리아에셋투자증권,190650,C,D,B,C,2024,pdf 다운로드
483,코리안리,003690,A,A,A,A,2023,pdf 다운로드
482,코리안리,003690,A,A,A+,A,2024,pdf 다운로드
481,코미코,183300,B+,A,B+,B+,2023,pdf 다운로드
480,코미코,183300,B,A,B,C,2024,pdf 다운로드
479,코미팜,041960,C,C,C,C,2023,pdf 다운로드
478,코미팜,041960,C,C,D,C,2024,pdf 다운로드
477,코스맥스,192820,B,A,A,D,2023,pdf 다운로드
476,코스맥스,192820,B+,A,A+,B,2024,pdf 다운로드
475,코스맥스비티아이,044820,B,A,A,C,2023,
474,코스맥스비티아이,044820,B,A,A+,C,2024,pdf 다운로드
473,코스모신소재,005070,C,C,C,C,2023,pdf 다운로드
472,코스모신소재,005070,C,C,D,C,2024,pdf 다운로드
471,코스모화학,005420,D,C,C,D,2023,pdf 다운로드
470,코스모화학,005420,D,C,D,D,2024,pdf 다운로드
469,코아스,071950,B,C,C,B+,2023,pdf 다운로드
468,코아스,071950,C,C,D,B,2024,pdf 다운로드
467,코엔텍,029960,C,C,C,B,2023,pdf 다운로드
466,코오롱,002020,B+,B+,A,B,2023,
465,코오롱,002020,B+,B+,A,B,2024,pdf 다운로드
464,코오롱ENP,138490,B,C,B,B+,2023,pdf 다운로드
463,코오롱ENP,138490,B,B+,C,B+,2024,pdf 다운로드
462,코오롱글로벌,003070,C,B,B+,C,2023,pdf 다운로드
461,코오롱글로벌,003070,B+,B,A,B+,2024,pdf 다운로드
460,코오롱생명과학,102940,C,D,C,C,2023,pdf 다운로드
459,코오롱생명과학,102940,C,D,C,B+,2024,pdf 다운로드
458,코오롱인더,120110,B+,B+,A+,B,2023,pdf 다운로드
457,코오롱인더,120110,A,B+,A+,B+,2024,pdf 다운로드
456,코웨이,021240,A,A,A+,B+,2023,pdf 다운로드
455,코웨이,021240,A,B+,A+,B+,2024,pdf 다운로드
454,코웰패션,033290,D,C,D,D,2023,pdf 다운로드
453,코웰패션,033290,C,C,D,C,2024,pdf 다운로드
452,콘텐트리중앙,036420,D,D,D,D,2023,pdf 다운로드
451,콘텐트리중앙,036420,D,C,D,D,2024,pdf 다운로드
450,콜마비앤에이치,200130,B+,A,B+,B+,2023,pdf 다운로드
449,콜마비앤에이치,200130,A,B+,A,A,2024,pdf 다운로드
448,콜마홀딩스,024720,A,A,A+,A,2023,
447,콜마홀딩스,024720,A,A,A+,A,2024,pdf 다운로드
446,콤텍시스템,031820,D,D,D,D,2023,pdf 다운로드
445,콤텍시스템,031820,C,B+,B+,D,2024,pdf 다운로드
444,쿠콘,294570,D,D,D,C,2023,pdf 다운로드
443,쿠쿠홀딩스,192400,D,D,C,D,2023,
442,쿠쿠홀딩스,192400,C,D,C,B,2024,pdf 다운로드
441,쿠쿠홈시스,284740,D,D,C,D,2023,pdf 다운로드
440,쿠쿠홈시스,284740,C,D,C,B,2024,pdf 다운로드
439,큐렉소,060280,D,D,D,D,2024,pdf 다운로드
438,큐캐피탈,016600,D,D,D,D,2023,pdf 다운로드
437,큐캐피탈,016600,D,D,D,D,2024,pdf 다운로드
436,크라운제과,264900,C,C,B,C,2023,pdf 다운로드
435,크라운제과,264900,C,C,C,B,2024,pdf 다운로드
434,크라운해태홀딩스,005740,D,C,C,D,2023,
433,크라운해태홀딩스,005740,C,C,C,C,2024,pdf 다운로드
432,크래프톤,259960,B+,C,A,A,2023,pdf 다운로드
431,크래프톤,259960,B+,C,A,A,2024,pdf 다운로드
430,크리스에프앤씨,110790,D,D,D,C,2023,pdf 다운로드
429,클래시스,214150,B+,B,A,B+,2023,pdf 다운로드
428,클래시스,214150,A+,A,A+,A+,2024,pdf 다운로드
427,키다리스튜디오,020120,D,D,D,D,2023,pdf 다운로드
426,키다리스튜디오,020120,D,D,D,D,2024,pdf 다운로드
425,키움증권,039490,B+,B,A,B,2023,pdf 다운로드
424,키움증권,039490,B+,B,A,B+,2024,pdf 다운로드
423,키이스트,054780,D,D,D,D,2024,pdf 다운로드
422,탑머티리얼,360070,C,D,D,B,2024,pdf 다운로드
421,태경비케이,014580,C,C,C,C,2023,pdf 다운로드
420,태경비케이,014580,D,C,D,D,2024,pdf 다운로드
419,태경산업,015890,C,C,C,C,2023,pdf 다운로드
418,태경산업,015890,D,C,D,D,2024,pdf 다운로드
417,태경케미컬,006890,D,D,D,D,2023,pdf 다운로드
416,태경케미컬,006890,D,D,C,D,2024,pdf 다운로드
415,태광산업,003240,C,C,C,C,2023,pdf 다운로드
414,태광산업,003240,B,B+,A+,C,2024,pdf 다운로드
413,태림포장,011280,B,A,A,D,2023,pdf 다운로드
412,태림포장,011280,B,B+,A+,C,2024,pdf 다운로드
411,태양금속공업,004100,D,C,C,D,2023,pdf 다운로드
410,태양금속공업,004100,C,C,D,C,2024,pdf 다운로드
409,태영건설,009410,A,A,A,B+,2023,pdf 다운로드
408,태영건설,009410,B,B+,B+,C,2024,pdf 다운로드
407,태원물산,001420,D,D,D,D,2023,pdf 다운로드
406,태원물산,001420,D,D,D,D,2024,pdf 다운로드
405,테스,095610,B+,B,A,B+,2023,pdf 다운로드
404,테스,095610,B+,B,B+,B+,2024,pdf 다운로드
403,테이팩스,055490,A,A,A,B+,2023,pdf 다운로드
402,테이팩스,055490,B+,B+,A,B+,2024,pdf 다운로드
401,텔코웨어,078000,C,D,D,B,2023,pdf 다운로드
400,텔코웨어,078000,C,D,D,B+,2024,pdf 다운로드
399,토니모리,214420,C,D,D,B,2023,pdf 다운로드
398,토니모리,214420,C,D,D,B,2024,pdf 다운로드
397,토스뱅크,801671,등급없음,등급없음,등급없음,B,2023,
396,토스뱅크,801671,등급없음,등급없음,등급없음,B+,2024,
395,티비에이치글로벌,084870,D,D,D,C,2023,pdf 다운로드
394,티비에이치글로벌,084870,C,D,D,B,2024,pdf 다운로드
393,티씨케이,064760,B,B,B+,B,2023,pdf 다운로드
392,티씨케이,064760,B+,B,A,B+,2024,pdf 다운로드
391,티에스이,131290,C,D,C,C,2023,pdf 다운로드
390,티에스이,131290,D,D,D,C,2024,pdf 다운로드
389,티에이치엔,019180,C,C,B,C,2023,pdf 다운로드
388,티에이치엔,019180,D,C,C,D,2024,pdf 다운로드
387,티와이홀딩스,363280,B+,A,A,B,2023,
386,티와이홀딩스,363280,C,B+,B+,D,2024,pdf 다운로드
385,티웨이항공,091810,B,B,C,B,2023,pdf 다운로드
384,티웨이항공,091810,B+,A,B,B+,2024,pdf 다운로드
383,티웨이홀딩스,004870,D,C,C,D,2023,pdf 다운로드
382,티웨이홀딩스,004870,D,D,D,D,2024,pdf 다운로드
381,티케이지휴켐스,069260,B+,B+,A,B,2023,pdf 다운로드
380,티케이지휴켐스,069260,B+,B+,A,B,2024,pdf 다운로드
379,티케이케미칼,104480,D,C,C,D,2023,pdf 다운로드
378,티케이케미칼,104480,D,C,D,D,2024,pdf 다운로드
377,파라다이스,034230,C,D,C,C,2023,pdf 다운로드
376,파라다이스,034230,D,D,D,C,2024,pdf 다운로드
375,파마리서치,214450,B,C,B,B+,2023,pdf 다운로드
374,파마리서치,214450,B,D,B+,B+,2024,pdf 다운로드
373,파미셀,005690,D,C,D,D,2023,pdf 다운로드
372,파미셀,005690,D,D,D,C,2024,pdf 다운로드
371,파크시스템스,140860,C,C,D,C,2023,pdf 다운로드
370,파크시스템스,140860,C,C,D,B,2024,pdf 다운로드
369,파트론,091700,D,C,D,D,2023,pdf 다운로드
368,파트론,091700,D,C,D,D,2024,pdf 다운로드
367,팜스코,036580,A,B+,A,A,2023,pdf 다운로드
366,팜스코,036580,B+,B,B+,B+,2024,pdf 다운로드
365,팜젠사이언스,004720,D,D,C,D,2023,pdf 다운로드
364,팜젠사이언스,004720,C,C,B,D,2024,pdf 다운로드
363,팬오션,028670,A,A+,A,A,2023,pdf 다운로드
362,팬오션,028670,A,A,A+,A,2024,pdf 다운로드
361,퍼스텍,010820,C,C,C,C,2023,pdf 다운로드
360,퍼스텍,010820,D,C,C,D,2024,pdf 다운로드
359,퍼시스,016800,D,C,C,D,2023,pdf 다운로드
358,퍼시스,016800,C,B,C,C,2024,pdf 다운로드
357,펄어비스,263750,B+,B,A,B,2023,pdf 다운로드
356,펄어비스,263750,B+,B+,A+,B,2024,pdf 다운로드
355,페이퍼코리아,001020,D,C,C,D,2023,pdf 다운로드
354,페이퍼코리아,001020,C,C,C,C,2024,pdf 다운로드
353,평화산업,090080,D,D,C,C,2023,pdf 다운로드
352,평화산업,090080,C,B,B,C,2024,pdf 다운로드
351,평화홀딩스,010770,C,D,C,B+,2023,pdf 다운로드
350,평화홀딩스,010770,B,B,B,B,2024,pdf 다운로드
349,포스코DX,022100,A,A,A+,A,2023,pdf 다운로드
348,포스코DX,022100,A,A,A+,B+,2024,pdf 다운로드
347,포스코스틸리온,058430,A,A,A+,B+,2023,pdf 다운로드
346,포스코스틸리온,058430,A,A,A+,B+,2024,pdf 다운로드
345,포스코엠텍,009520,A,A,A+,B+,2023,pdf 다운로드
344,포스코엠텍,009520,A,A,A+,A,2024,pdf 다운로드
343,포스코인터내셔널,047050,A,A,A+,A,2023,pdf 다운로드
342,포스코인터내셔널,047050,A,B+,A+,A,2024,pdf 다운로드
341,포스코퓨처엠,003670,A,A,A+,A,2023,pdf 다운로드
340,포스코퓨처엠,003670,A+,A+,A+,A,2024,pdf 다운로드
339,푸본현대생명보험,860086,등급없음,등급없음,등급없음,B+,2023,
338,푸본현대생명보험,860086,등급없음,등급없음,등급없음,B+,2024,
337,풀무원,017810,A,A,A+,A,2023,pdf 다운로드
336,풀무원,017810,A,A,A+,A,2024,pdf 다운로드
335,풍산,103140,B+,B+,B+,B+,2023,pdf 다운로드
334,풍산,103140,B+,B,B+,B+,2024,pdf 다운로드
333,풍산홀딩스,005810,B+,B+,B+,B+,2023,pdf 다운로드
332,풍산홀딩스,005810,B+,B,B,B+,2024,pdf 다운로드
331,프로텍,053610,C,C,D,C,2024,pdf 다운로드
330,플레이그램,009810,D,D,D,D,2023,pdf 다운로드
329,플레이그램,009810,D,D,D,D,2024,pdf 다운로드
328,플레이디,237820,B+,B,B,B+,2023,pdf 다운로드
327,플레이디,237820,B+,B+,B+,B+,2024,pdf 다운로드
326,플루토스,019570,D,D,D,D,2023,pdf 다운로드
325,플루토스,019570,D,D,D,D,2024,pdf 다운로드
324,피에스케이,319660,C,C,B+,C,2023,pdf 다운로드
323,피에스케이,319660,B,C,B,B,2024,pdf 다운로드
322,피엔티,137400,C,D,C,B,2023,pdf 다운로드
321,피엔티,137400,D,D,D,C,2024,pdf 다운로드
320,하나금융지주,086790,A,A+,A+,A,2023,pdf 다운로드
319,하나금융지주,086790,A,A+,A+,A,2024,pdf 다운로드
318,하나기술,299030,C,C,D,B,2024,pdf 다운로드
317,하나마이크론,067310,C,B+,A,D,2023,pdf 다운로드
316,하나마이크론,067310,C,B+,A,D,2024,pdf 다운로드
315,하나머티리얼즈,166090,B,B+,A,C,2023,pdf 다운로드
314,하나머티리얼즈,166090,B,B,A,C,2024,pdf 다운로드
313,하나생명보험,800845,등급없음,등급없음,등급없음,B,2023,
312,하나생명보험,800845,등급없음,등급없음,등급없음,B,2024,
311,하나은행,004940,등급없음,등급없음,등급없음,A,2023,
310,하나은행,004940,등급없음,등급없음,등급없음,B+,2024,
309,하나제약,293480,C,D,C,C,2023,pdf 다운로드
308,하나제약,293480,D,D,D,C,2024,pdf 다운로드
307,하나증권,805992,등급없음,등급없음,등급없음,B+,2023,
306,하나증권,805992,등급없음,등급없음,등급없음,B+,2024,
305,하나카드,856659,등급없음,등급없음,등급없음,B,2023,
304,하나카드,856659,등급없음,등급없음,등급없음,B+,2024,
303,하나캐피탈,809337,등급없음,등급없음,등급없음,B+,2023,
302,하나캐피탈,809337,등급없음,등급없음,등급없음,B,2024,
301,하나투어,039130,B+,B+,A,B+,2023,pdf 다운로드
300,하나투어,039130,A,A,A,A,2024,pdf 다운로드
299,하림,136480,A,A,B+,A,2023,pdf 다운로드
298,하림,136480,A,A,A,A,2024,pdf 다운로드
297,하림지주,003380,B+,A,A,B+,2023,
296,하림지주,003380,B+,A,A,B+,2024,pdf 다운로드
295,하이드로리튬,101670,D,D,D,D,2024,pdf 다운로드
294,하이브,352820,C,B,B+,C,2023,pdf 다운로드
293,하이브,352820,B+,B,A,B+,2024,pdf 다운로드
292,하이스틸,071090,C,C,C,C,2023,pdf 다운로드
291,하이스틸,071090,C,C,C,C,2024,pdf 다운로드
290,하이투자증권,814270,등급없음,등급없음,등급없음,B+,2023,
289,하이투자증권,814270,등급없음,등급없음,등급없음,B+,2024,
288,하이트진로,000080,B,A,A,C,2023,pdf 다운로드
287,하이트진로,000080,B+,A,A,B,2024,pdf 다운로드
286,하이트진로홀딩스,000140,B+,A,A,B,2023,
285,하이트진로홀딩스,000140,B+,A,A,B,2024,pdf 다운로드
284,한국가스공사,036460,A,A,A+,B+,2023,pdf 다운로드
283,한국가스공사,036460,A,A,A+,A,2024,pdf 다운로드
282,한국공항,005430,B+,A,B,B+,2023,pdf 다운로드
281,한국공항,005430,A,A,A,B+,2024,pdf 다운로드
280,한국금융지주,071050,B+,C,B+,B+,2023,pdf 다운로드
279,한국금융지주,071050,B+,B+,B+,B+,2024,pdf 다운로드
278,한국내화,010040,C,B+,B+,D,2023,pdf 다운로드
277,한국내화,010040,B+,B+,A,B,2024,pdf 다운로드
276,한국단자공업,025540,C,C,B,C,2023,pdf 다운로드
275,한국단자공업,025540,C,C,C,C,2024,pdf 다운로드
274,한국무브넥스,010100,C,C,C,C,2023,pdf 다운로드
273,한국무브넥스,010100,C,B,C,C,2024,pdf 다운로드
272,한국비엔씨,256840,D,D,D,D,2023,pdf 다운로드
271,한국석유공업,004090,B+,B+,B+,B+,2023,pdf 다운로드
270,한국석유공업,004090,B+,B+,B+,A,2024,pdf 다운로드
269,한국수출포장공업,002200,D,C,D,D,2023,pdf 다운로드
268,한국수출포장공업,002200,C,C,D,C,2024,pdf 다운로드
267,한국쉘석유,002960,C,C,C,B+,2023,pdf 다운로드
266,한국쉘석유,002960,D,D,D,C,2024,pdf 다운로드
265,한국스탠다드차타드은행,000110,등급없음,등급없음,등급없음,A+,2023,
264,한국스탠다드차타드은행,000110,등급없음,등급없음,등급없음,A+,2024,
263,한국씨티은행,016830,등급없음,등급없음,등급없음,B+,2023,
262,한국씨티은행,016830,등급없음,등급없음,등급없음,B+,2024,
261,한국앤컴퍼니,000240,B+,B+,A,B+,2023,pdf 다운로드
260,한국앤컴퍼니,000240,B+,B+,A,B,2024,pdf 다운로드
259,한국자산신탁,123890,C,C,C,B,2023,pdf 다운로드
258,한국자산신탁,123890,C,C,D,C,2024,pdf 다운로드
257,한국전력공사,015760,B+,B,A,A,2023,pdf 다운로드
256,한국전력공사,015760,B,C,D,A,2024,pdf 다운로드
255,한국전자홀딩스,006200,D,C,C,D,2023,
254,한국전자홀딩스,006200,D,C,D,D,2024,pdf 다운로드
253,한국정보인증,053300,D,D,C,D,2023,pdf 다운로드
252,한국정보인증,053300,D,D,C,D,2024,pdf 다운로드
251,한국정보통신,025770,C,D,D,B,2024,pdf 다운로드
250,한국제지,027970,C,C,C,C,2023,pdf 다운로드
249,한국제지,027970,C,C,C,C,2024,pdf 다운로드
248,한국종합기술,023350,C,C,C,B,2023,pdf 다운로드
247,한국종합기술,023350,B,C,B,B+,2024,pdf 다운로드
246,한국주강,025890,D,D,D,D,2023,pdf 다운로드
245,한국주강,025890,D,D,D,D,2024,pdf 다운로드
244,한국주철관공업,000970,D,C,D,D,2023,pdf 다운로드
243,한국주철관공업,000970,D,C,D,D,2024,pdf 다운로드
242,한국철강,104700,C,C,D,B,2023,pdf 다운로드
241,한국철강,104700,C,C,D,C,2024,pdf 다운로드
240,한국카본,017960,B,B+,B+,C,2023,pdf 다운로드
239,한국카본,017960,C,B+,B+,D,2024,pdf 다운로드
238,한국캐피탈,023760,D,D,D,C,2023,pdf 다운로드
237,한국캐피탈,023760,C,D,D,B,2024,pdf 다운로드
236,한국콜마,161890,A,A,A+,A,2023,pdf 다운로드
235,한국콜마,161890,A,A,A+,A,2024,pdf 다운로드
234,한국타이어앤테크놀로지,161390,B,B+,A+,D,2023,pdf 다운로드
233,한국타이어앤테크놀로지,161390,C,B+,A,D,2024,pdf 다운로드
232,한국토지신탁,034830,C,D,C,B,2023,pdf 다운로드
231,한국토지신탁,034830,D,D,C,D,2024,pdf 다운로드
230,한국투자증권,804504,등급없음,등급없음,등급없음,B,2023,
229,한국투자증권,804504,등급없음,등급없음,등급없음,B+,2024,
228,한국투자캐피탈,833339,등급없음,등급없음,등급없음,B,2024,
227,한국특강,007280,C,C,C,C,2023,pdf 다운로드
226,한국특강,007280,C,C,C,C,2024,pdf 다운로드
225,한국항공우주,047810,B+,B+,A,B+,2023,pdf 다운로드
224,한국항공우주,047810,A,A,A,B+,2024,pdf 다운로드
223,한국화장품,123690,D,D,C,D,2023,pdf 다운로드
222,한국화장품,123690,D,D,D,D,2024,pdf 다운로드
221,한국화장품제조,003350,D,D,C,D,2023,pdf 다운로드
220,한국화장품제조,003350,D,D,C,D,2024,pdf 다운로드
219,한글과컴퓨터,030520,C,D,D,B,2023,pdf 다운로드
218,한글과컴퓨터,030520,D,D,D,C,2024,pdf 다운로드
217,한농화성,011500,D,C,C,D,2023,pdf 다운로드
216,한농화성,011500,D,C,D,D,2024,pdf 다운로드
215,한독,002390,A,A,A+,B+,2023,pdf 다운로드
214,한독,002390,A,A,A+,B+,2024,pdf 다운로드
213,한미글로벌,053690,B+,A,A+,B,2023,pdf 다운로드
212,한미글로벌,053690,B+,A,A,B+,2024,pdf 다운로드
211,한미반도체,042700,D,D,D,C,2023,pdf 다운로드
210,한미반도체,042700,D,D,D,D,2024,pdf 다운로드
209,한미사이언스,008930,B+,A,A,B,2023,
208,한미사이언스,008930,B+,B+,A,B+,2024,pdf 다운로드
207,한미약품,128940,B+,A,A,B,2023,pdf 다운로드
206,한미약품,128940,B,A,A+,C,2024,pdf 다운로드
205,한샘,009240,A,A,A,A,2023,pdf 다운로드
204,한샘,009240,A,B+,A,A,2024,pdf 다운로드
203,한섬,020000,A,A,A+,A,2023,pdf 다운로드
202,한섬,020000,A,A,A+,A,2024,pdf 다운로드
201,한성기업,003680,C,B,B,D,2023,pdf 다운로드
200,한성기업,003680,C,B,B+,D,2024,pdf 다운로드
199,한세실업,105630,B+,B+,A,B+,2023,pdf 다운로드
198,한세실업,105630,A,B+,A,A,2024,pdf 다운로드
197,한세엠케이,069640,C,B,B+,C,2023,pdf 다운로드
196,한세엠케이,069640,B+,B+,B+,B+,2024,pdf 다운로드
195,한세예스24홀딩스,016450,A,B+,A,A,2023,
194,한세예스24홀딩스,016450,A,B+,A,A,2024,pdf 다운로드
193,한솔로지스틱스,009180,B,C,B+,B+,2023,pdf 다운로드
192,한솔로지스틱스,009180,B+,C,B+,A,2024,pdf 다운로드
191,한솔아이원스,114810,B+,B,B+,B+,2024,pdf 다운로드
190,한솔인티큐브,070590,B+,C,B+,A,2024,pdf 다운로드
189,한솔제지,213500,A,A,A,A,2023,pdf 다운로드
188,한솔제지,213500,A,A,A+,A,2024,pdf 다운로드
187,한솔케미칼,014680,B+,B+,B+,B+,2023,pdf 다운로드
186,한솔케미칼,014680,A,B+,A,A,2024,pdf 다운로드
185,한솔테크닉스,004710,B+,B+,A,B+,2023,pdf 다운로드
184,한솔테크닉스,004710,B+,B+,B+,B+,2024,pdf 다운로드
183,한솔피엔에스,010420,B+,B,B,A,2023,pdf 다운로드
182,한솔피엔에스,010420,B+,B,B,A,2024,pdf 다운로드
181,한솔홀딩스,004150,A,B+,A,A,2023,
180,한솔홀딩스,004150,A,B+,A,A,2024,pdf 다운로드
179,한솔홈데코,025750,B+,B+,B+,B+,2023,pdf 다운로드
178,한솔홈데코,025750,B+,B+,B,B+,2024,pdf 다운로드
177,한신공영,004960,D,C,C,D,2023,pdf 다운로드
176,한신공영,004960,D,C,C,D,2024,pdf 다운로드
175,한신기계공업,011700,D,C,D,D,2023,pdf 다운로드
174,한신기계공업,011700,C,C,C,C,2024,pdf 다운로드
173,한양증권,001750,C,D,B,C,2023,pdf 다운로드
172,한양증권,001750,C,D,C,C,2024,pdf 다운로드
171,한온시스템,018880,B+,B+,A+,B,2023,pdf 다운로드
170,한온시스템,018880,B+,A,A+,B,2024,pdf 다운로드
169,한올바이오파마,009420,B,B,D,B+,2023,pdf 다운로드
168,한올바이오파마,009420,C,D,D,B+,2024,pdf 다운로드
167,한익스프레스,014130,C,C,C,C,2023,pdf 다운로드
166,한익스프레스,014130,D,C,D,D,2024,pdf 다운로드
165,한일시멘트,300720,A,A,A+,B+,2023,pdf 다운로드
164,한일시멘트,300720,A,A,A+,B+,2024,pdf 다운로드
163,한일철강,002220,D,D,D,D,2023,pdf 다운로드
162,한일철강,002220,D,D,D,D,2024,pdf 다운로드
161,한일현대시멘트,006390,B+,A,A+,B,2023,pdf 다운로드
160,한일현대시멘트,006390,A,A,A,B+,2024,pdf 다운로드
159,한일홀딩스,003300,A,A,A+,B+,2023,
158,한일홀딩스,003300,A,A,A+,B+,2024,pdf 다운로드
157,한전KPS,051600,A,A,A,A,2023,pdf 다운로드
156,한전KPS,051600,A,A+,A+,B+,2024,pdf 다운로드
155,한전기술,052690,A,B+,A+,A,2023,pdf 다운로드
154,한전기술,052690,A,A,A+,B+,2024,pdf 다운로드
153,한전산업,130660,C,C,D,B,2023,pdf 다운로드
152,한전산업,130660,C,C,C,C,2024,pdf 다운로드
151,한진,002320,A,A,A,A,2023,pdf 다운로드
150,한진,002320,A,A,A,A,2024,pdf 다운로드
149,한진중공업홀딩스,003480,C,D,C,B+,2023,pdf 다운로드
148,한진중공업홀딩스,003480,C,D,C,B+,2024,pdf 다운로드
147,한진칼,180640,A,A,A+,A,2023,
146,한진칼,180640,A,B+,A,A,2024,pdf 다운로드
145,한창,005110,D,D,D,D,2023,pdf 다운로드
144,한창,005110,D,D,D,D,2024,pdf 다운로드
143,한창제지,009460,C,C,C,C,2023,pdf 다운로드
142,한창제지,009460,C,C,D,C,2024,pdf 다운로드
141,한컴라이프케어,372910,C,C,B,D,2023,pdf 다운로드
140,한컴라이프케어,372910,D,C,C,D,2024,pdf 다운로드
139,한화,000880,B+,B+,B+,B+,2023,pdf 다운로드
138,한화,000880,B+,A,B+,B+,2024,pdf 다운로드
137,한화생명,088350,A,A,A+,B+,2023,pdf 다운로드
136,한화생명,088350,A,A,A+,B+,2024,pdf 다운로드
135,한화손해보험,000370,A,A,A,A,2023,pdf 다운로드
134,한화손해보험,000370,A,A,A+,B+,2024,pdf 다운로드
133,한화솔루션,009830,B+,A,A+,B,2023,pdf 다운로드
132,한화솔루션,009830,B+,A,A+,B,2024,pdf 다운로드
131,한화시스템,272210,A,A,A+,A,2023,pdf 다운로드
130,한화시스템,272210,A,A,A+,A,2024,pdf 다운로드
129,한화에어로스페이스,012450,A,A,A,A,2023,pdf 다운로드
128,한화에어로스페이스,012450,A,A,A+,B+,2024,pdf 다운로드
127,한화엔진,082740,B+,B,A,B+,2023,pdf 다운로드
126,한화엔진,082740,B+,B+,A,B+,2024,pdf 다운로드
125,한화오션,042660,B+,B+,B+,B+,2023,pdf 다운로드
124,한화오션,042660,B+,A,B,B,2024,pdf 다운로드
123,한화투자증권,003530,A,A,A+,B+,2023,pdf 다운로드
122,한화투자증권,003530,A,A,A+,B+,2024,pdf 다운로드
121,해성디에스,195870,A,A,A+,B+,2023,pdf 다운로드
120,해성디에스,195870,A,A,A+,B+,2024,pdf 다운로드
119,해태제과식품,101530,D,D,C,D,2023,pdf 다운로드
118,해태제과식품,101530,D,D,C,D,2024,pdf 다운로드
117,핸즈코퍼레이션,143210,C,C,B,D,2023,pdf 다운로드
116,핸즈코퍼레이션,143210,D,C,D,D,2024,pdf 다운로드
115,헬릭스미스,084990,C,D,D,B,2023,pdf 다운로드
114,현대건설,000720,A,A,A,A,2023,pdf 다운로드
113,현대건설,000720,A,A,A,B+,2024,pdf 다운로드
112,현대글로비스,086280,A+,A+,A+,A,2023,pdf 다운로드
111,현대글로비스,086280,A,A,A+,A,2024,pdf 다운로드
110,현대로템,064350,A,A,A+,A,2023,pdf 다운로드
109,현대로템,064350,A+,A+,A+,A,2024,pdf 다운로드
108,현대리바트,079430,A,A,A+,B+,2023,pdf 다운로드
107,현대리바트,079430,A,A,A+,A,2024,pdf 다운로드
106,현대모비스,012330,A,A+,A+,B+,2023,pdf 다운로드
105,현대모비스,012330,A,A+,A+,B+,2024,pdf 다운로드
104,현대바이오,048410,D,D,D,D,2023,pdf 다운로드
103,현대바이오,048410,D,D,D,D,2024,pdf 다운로드
102,현대바이오랜드,052260,A,A,A+,A,2023,pdf 다운로드
101,현대바이오랜드,052260,A,A,A+,A,2024,pdf 다운로드
100,현대백화점,069960,A+,A+,A+,A,2023,pdf 다운로드
99,현대백화점,069960,A+,A+,A+,A,2024,pdf 다운로드
98,현대비앤지스틸,004560,B,A,B+,C,2023,pdf 다운로드
97,현대비앤지스틸,004560,B+,B+,A,B,2024,pdf 다운로드
96,현대사료,016790,D,D,D,D,2024,pdf 다운로드
95,현대약품,004310,C,C,C,B,2023,pdf 다운로드
94,현대약품,004310,C,C,C,C,2024,pdf 다운로드
93,현대에버다임,041440,A,B+,A,A,2023,pdf 다운로드
92,현대에버다임,041440,A,B+,A,A,2024,pdf 다운로드
91,현대엘리베이터,017800,B+,B+,A,B+,2023,pdf 다운로드
90,현대엘리베이터,017800,A,A,A+,B+,2024,pdf 다운로드
89,현대오토에버,307950,A,A+,A+,B+,2023,pdf 다운로드
88,현대오토에버,307950,A,A,A+,A,2024,pdf 다운로드
87,현대위아,011210,A+,A+,A+,A,2023,pdf 다운로드
86,현대위아,011210,A+,A+,A+,A,2024,pdf 다운로드
85,현대이지웰,090850,A,A,A+,A,2023,pdf 다운로드
84,현대이지웰,090850,A+,A+,A+,A+,2024,pdf 다운로드
83,현대자동차,005380,A,A,A,B+,2023,pdf 다운로드
82,현대자동차,005380,A,A+,B+,A,2024,pdf 다운로드
81,현대제철,004020,A,A+,A,B+,2023,pdf 다운로드
80,현대제철,004020,A,A,A,B+,2024,pdf 다운로드
79,현대지에프홀딩스,005440,A,A,A+,A,2023,pdf 다운로드
78,현대지에프홀딩스,005440,A,A+,A+,A,2024,pdf 다운로드
77,현대차증권,001500,A,B+,A+,B+,2023,pdf 다운로드
76,현대차증권,001500,B+,A,A,B+,2024,pdf 다운로드
75,현대카드,815419,등급없음,등급없음,등급없음,A,2023,
74,현대카드,815419,등급없음,등급없음,등급없음,A,2024,
73,현대캐피탈,836248,등급없음,등급없음,등급없음,A,2023,
72,현대캐피탈,836248,등급없음,등급없음,등급없음,A,2024,
71,현대커머셜,888975,등급없음,등급없음,등급없음,A,2023,
70,현대커머셜,888975,등급없음,등급없음,등급없음,A,2024,
69,현대코퍼레이션,011760,B+,B,B+,B+,2023,pdf 다운로드
68,현대코퍼레이션,011760,B+,B+,B+,B+,2024,pdf 다운로드
67,현대코퍼레이션홀딩스,227840,B+,B,B+,B+,2023,pdf 다운로드
66,현대코퍼레이션홀딩스,227840,B+,B,B+,B+,2024,pdf 다운로드
65,현대퓨처넷,126560,A,A,A+,A,2023,pdf 다운로드
64,현대퓨처넷,126560,A,A+,A+,A,2024,pdf 다운로드
63,현대해상,001450,A,A,A+,A,2023,pdf 다운로드
62,현대해상,001450,A,A,A+,A,2024,pdf 다운로드
61,현대홈쇼핑,057050,A,A,A+,A,2023,pdf 다운로드
60,현대홈쇼핑,057050,A+,A,A+,A+,2024,pdf 다운로드
59,형지엘리트,093240,D,D,D,D,2023,pdf 다운로드
58,형지엘리트,093240,D,D,D,D,2024,pdf 다운로드
57,혜인,003010,D,D,D,D,2023,pdf 다운로드
56,혜인,003010,D,D,D,D,2024,pdf 다운로드
55,호전실업,111110,C,D,D,B,2023,pdf 다운로드
54,호전실업,111110,C,D,D,B+,2024,pdf 다운로드
53,호텔신라,008770,A,A,A,A,2023,pdf 다운로드
52,호텔신라,008770,A,B+,A,A,2024,pdf 다운로드
51,화성산업,002460,C,C,C,B+,2023,pdf 다운로드
50,화승알앤에이,378850,B,B,B+,B,2023,pdf 다운로드
49,화승알앤에이,378850,B+,B+,B+,B+,2024,pdf 다운로드
48,화승엔터프라이즈,241590,B+,B+,B+,B+,2023,pdf 다운로드
47,화승엔터프라이즈,241590,B+,B+,A,B+,2024,pdf 다운로드
46,화승인더스트리,006060,B+,B+,B+,B+,2023,pdf 다운로드
45,화승인더스트리,006060,B+,B+,A,B+,2024,pdf 다운로드
44,화승코퍼레이션,013520,B,C,B,B+,2023,pdf 다운로드
43,화승코퍼레이션,013520,B+,B+,B+,B+,2024,pdf 다운로드
42,화신,010690,B+,B,A,B,2023,pdf 다운로드
41,화신,010690,B+,B+,A,B,2024,pdf 다운로드
40,화인베스틸,133820,D,C,C,D,2023,pdf 다운로드
39,화인베스틸,133820,D,C,D,D,2024,pdf 다운로드
38,화천기계,010660,C,D,C,C,2023,pdf 다운로드
37,화천기계,010660,C,D,C,C,2024,pdf 다운로드
36,화천기공,000850,C,D,C,C,2023,pdf 다운로드
35,화천기공,000850,C,D,C,C,2024,pdf 다운로드
34,환인제약,016580,B,C,C,B+,2023,pdf 다운로드
33,환인제약,016580,C,D,C,B+,2024,pdf 다운로드
32,황금에스티,032560,C,D,D,B,2023,pdf 다운로드
31,황금에스티,032560,C,D,D,B+,2024,pdf 다운로드
30,효성,004800,A,A,A+,B+,2023,pdf 다운로드
29,효성,004800,A,A,A+,B+,2024,pdf 다운로드
28,효성 ITX,094280,B+,B+,A+,B,2023,pdf 다운로드
27,효성 ITX,094280,A,A,A+,A,2024,pdf 다운로드
26,효성중공업,298040,A,A,A+,B+,2023,pdf 다운로드
25,효성중공업,298040,B+,A,A+,B,2024,pdf 다운로드
24,효성첨단소재,298050,A,A,A+,A,2023,pdf 다운로드
23,효성티앤씨,298020,A,A+,A+,B+,2023,pdf 다운로드
22,효성티앤씨,298020,B+,A,A+,B,2024,pdf 다운로드
21,효성화학,298000,A,A,A+,B+,2023,pdf 다운로드
20,효성화학,298000,A,A,A+,B+,2024,pdf 다운로드
19,후성,093370,B+,A,A,B,2023,pdf 다운로드
18,후성,093370,B,B+,A,C,2024,pdf 다운로드
17,휠라홀딩스,081660,A,A,A,B+,2023,pdf 다운로드
16,휴니드테크놀러지스,005870,D,C,D,D,2023,pdf 다운로드
15,휴니드테크놀러지스,005870,C,C,D,C,2024,pdf 다운로드
14,휴비스,079980,A,B+,A+,B+,2023,pdf 다운로드
13,휴비스,079980,B+,B+,A,B+,2024,pdf 다운로드
12,휴스틸,005010,C,C,C,C,2023,pdf 다운로드
11,휴스틸,005010,C,C,C,C,2024,pdf 다운로드
10,휴온스,243070,B,C,B+,B+,2023,pdf 다운로드
9,휴온스,243070,A,A,A,B+,2024,pdf 다운로드
8,휴젤,145020,B,C,B+,B,2023,pdf 다운로드
7,휴젤,145020,C,C,C,B,2024,pdf 다운로드
6,흥국생명보험,818586,등급없음,등급없음,등급없음,B+,2023,
5,흥국생명보험,818586,등급없음,등급없음,등급없음,B,2024,
4,흥국화재,000540,B+,B,B+,B+,2023,pdf 다운로드
3,흥국화재,000540,B+,C,B+,B+,2024,pdf 다운로드
2,흥아해운,003280,B,B,B+,B,2023,pdf 다운로드
1,흥아해운,003280,B,B,B+,B,2024,pdf 다운로드
